assessment_score_id,student_id,course_id,assessment_id,points_possible,points_earned,retake_flag
TS-STU2026001-ASM01,STU2026001,ALG1-A,ASM01,25,20.7,No
TS-STU2026001-ASM02,STU2026001,ALG1-A,ASM02,25,22.7,No
TS-STU2026001-ASM03,STU2026001,ALG1-A,ASM03,25,22.4,Yes
TS-STU2026001-ASM04,STU2026001,ALG1-A,ASM04,100,79.3,No
TS-STU2026001-ASM05,STU2026001,ALG1-A,ASM05,25,23.0,No
TS-STU2026001-ASM06,STU2026001,ALG1-A,ASM06,25,14.4,No
TS-STU2026001-ASM07,STU2026001,ALG1-A,ASM07,25,15.8,No
TS-STU2026001-ASM08,STU2026001,ALG1-A,ASM08,100,66.6,No
TS-STU2026002-ASM01,STU2026002,ALG1-A,ASM01,25,13.4,No
TS-STU2026002-ASM02,STU2026002,ALG1-A,ASM02,25,13.2,No
TS-STU2026002-ASM03,STU2026002,ALG1-A,ASM03,25,11.6,No
TS-STU2026002-ASM04,STU2026002,ALG1-A,ASM04,100,55.4,No
TS-STU2026002-ASM05,STU2026002,ALG1-A,ASM05,25,12.3,No
TS-STU2026002-ASM06,STU2026002,ALG1-A,ASM06,25,13.2,No
TS-STU2026002-ASM07,STU2026002,ALG1-A,ASM07,25,14.8,No
TS-STU2026002-ASM08,STU2026002,ALG1-A,ASM08,100,70.2,No
TS-STU2026003-ASM01,STU2026003,ALG1-A,ASM01,25,14.3,No
TS-STU2026003-ASM02,STU2026003,ALG1-A,ASM02,25,11.2,No
TS-STU2026003-ASM03,STU2026003,ALG1-A,ASM03,25,11.6,No
TS-STU2026003-ASM04,STU2026003,ALG1-A,ASM04,100,40.8,No
TS-STU2026003-ASM05,STU2026003,ALG1-A,ASM05,25,12.0,No
TS-STU2026003-ASM06,STU2026003,ALG1-A,ASM06,25,8.6,No
TS-STU2026003-ASM07,STU2026003,ALG1-A,ASM07,25,7.5,No
TS-STU2026003-ASM08,STU2026003,ALG1-A,ASM08,100,62.5,No
TS-STU2026004-ASM01,STU2026004,ALG1-A,ASM01,25,19.7,No
TS-STU2026004-ASM02,STU2026004,ALG1-A,ASM02,25,20.6,No
TS-STU2026004-ASM03,STU2026004,ALG1-A,ASM03,25,22.9,No
TS-STU2026004-ASM04,STU2026004,ALG1-A,ASM04,100,86.3,Yes
TS-STU2026004-ASM05,STU2026004,ALG1-A,ASM05,25,16.5,No
TS-STU2026004-ASM06,STU2026004,ALG1-A,ASM06,25,22.7,No
TS-STU2026004-ASM07,STU2026004,ALG1-A,ASM07,25,23.7,No
TS-STU2026004-ASM08,STU2026004,ALG1-A,ASM08,100,82.9,No
TS-STU2026005-ASM01,STU2026005,ALG1-A,ASM01,25,10.5,No
TS-STU2026005-ASM02,STU2026005,ALG1-A,ASM02,25,16.7,No
TS-STU2026005-ASM03,STU2026005,ALG1-A,ASM03,25,18.4,No
TS-STU2026005-ASM04,STU2026005,ALG1-A,ASM04,100,71.8,No
TS-STU2026005-ASM05,STU2026005,ALG1-A,ASM05,25,24.3,No
TS-STU2026005-ASM06,STU2026005,ALG1-A,ASM06,25,19.7,No
TS-STU2026005-ASM07,STU2026005,ALG1-A,ASM07,25,18.5,No
TS-STU2026005-ASM08,STU2026005,ALG1-A,ASM08,100,96.2,Yes
TS-STU2026006-ASM01,STU2026006,ALG1-A,ASM01,25,17.1,No
TS-STU2026006-ASM02,STU2026006,ALG1-A,ASM02,25,17.1,Yes
TS-STU2026006-ASM03,STU2026006,ALG1-A,ASM03,25,14.6,No
TS-STU2026006-ASM04,STU2026006,ALG1-A,ASM04,100,45.9,No
TS-STU2026006-ASM05,STU2026006,ALG1-A,ASM05,25,14.1,No
TS-STU2026006-ASM06,STU2026006,ALG1-A,ASM06,25,12.6,No
TS-STU2026006-ASM07,STU2026006,ALG1-A,ASM07,25,18.8,No
TS-STU2026006-ASM08,STU2026006,ALG1-A,ASM08,100,75.5,No
TS-STU2026007-ASM01,STU2026007,ALG1-A,ASM01,25,14.5,Yes
TS-STU2026007-ASM02,STU2026007,ALG1-A,ASM02,25,11.8,No
TS-STU2026007-ASM03,STU2026007,ALG1-A,ASM03,25,14.4,No
TS-STU2026007-ASM04,STU2026007,ALG1-A,ASM04,100,34.6,No
TS-STU2026007-ASM05,STU2026007,ALG1-A,ASM05,25,14.1,No
TS-STU2026007-ASM06,STU2026007,ALG1-A,ASM06,25,11.0,No
TS-STU2026007-ASM07,STU2026007,ALG1-A,ASM07,25,12.7,No
TS-STU2026007-ASM08,STU2026007,ALG1-A,ASM08,100,75.7,No
TS-STU2026008-ASM01,STU2026008,ALG1-A,ASM01,25,13.2,No
TS-STU2026008-ASM02,STU2026008,ALG1-A,ASM02,25,17.5,No
TS-STU2026008-ASM03,STU2026008,ALG1-A,ASM03,25,12.6,No
TS-STU2026008-ASM04,STU2026008,ALG1-A,ASM04,100,54.3,No
TS-STU2026008-ASM05,STU2026008,ALG1-A,ASM05,25,15.0,No
TS-STU2026008-ASM06,STU2026008,ALG1-A,ASM06,25,8.1,No
TS-STU2026008-ASM07,STU2026008,ALG1-A,ASM07,25,16.1,No
TS-STU2026008-ASM08,STU2026008,ALG1-A,ASM08,100,42.8,No
TS-STU2026009-ASM01,STU2026009,ALG1-A,ASM01,25,18.8,No
TS-STU2026009-ASM02,STU2026009,ALG1-A,ASM02,25,16.0,No
TS-STU2026009-ASM03,STU2026009,ALG1-A,ASM03,25,23.8,No
TS-STU2026009-ASM04,STU2026009,ALG1-A,ASM04,100,75.7,No
TS-STU2026009-ASM05,STU2026009,ALG1-A,ASM05,25,20.2,No
TS-STU2026009-ASM06,STU2026009,ALG1-A,ASM06,25,18.6,No
TS-STU2026009-ASM07,STU2026009,ALG1-A,ASM07,25,14.2,No
TS-STU2026009-ASM08,STU2026009,ALG1-A,ASM08,100,78.2,No
TS-STU2026010-ASM01,STU2026010,ALG1-A,ASM01,25,12.2,No
TS-STU2026010-ASM02,STU2026010,ALG1-A,ASM02,25,17.1,No
TS-STU2026010-ASM03,STU2026010,ALG1-A,ASM03,25,18.5,No
TS-STU2026010-ASM04,STU2026010,ALG1-A,ASM04,100,65.2,Yes
TS-STU2026010-ASM05,STU2026010,ALG1-A,ASM05,25,16.6,No
TS-STU2026010-ASM06,STU2026010,ALG1-A,ASM06,25,19.3,No
TS-STU2026010-ASM07,STU2026010,ALG1-A,ASM07,25,23.2,No
TS-STU2026010-ASM08,STU2026010,ALG1-A,ASM08,100,68.5,Yes
TS-STU2026011-ASM01,STU2026011,ALG1-A,ASM01,25,23.1,No
TS-STU2026011-ASM02,STU2026011,ALG1-A,ASM02,25,25.0,No
TS-STU2026011-ASM03,STU2026011,ALG1-A,ASM03,25,23.4,No
TS-STU2026011-ASM04,STU2026011,ALG1-A,ASM04,100,87.1,No
TS-STU2026011-ASM05,STU2026011,ALG1-A,ASM05,25,23.3,No
TS-STU2026011-ASM06,STU2026011,ALG1-A,ASM06,25,22.1,No
TS-STU2026011-ASM07,STU2026011,ALG1-A,ASM07,25,16.5,No
TS-STU2026011-ASM08,STU2026011,ALG1-A,ASM08,100,84.3,No
TS-STU2026012-ASM01,STU2026012,ALG1-A,ASM01,25,12.8,Yes
TS-STU2026012-ASM02,STU2026012,ALG1-A,ASM02,25,16.7,Yes
TS-STU2026012-ASM03,STU2026012,ALG1-A,ASM03,25,14.8,No
TS-STU2026012-ASM04,STU2026012,ALG1-A,ASM04,100,46.0,No
TS-STU2026012-ASM05,STU2026012,ALG1-A,ASM05,25,17.7,No
TS-STU2026012-ASM06,STU2026012,ALG1-A,ASM06,25,13.6,No
TS-STU2026012-ASM07,STU2026012,ALG1-A,ASM07,25,11.1,No
TS-STU2026012-ASM08,STU2026012,ALG1-A,ASM08,100,66.6,Yes
TS-STU2026013-ASM01,STU2026013,ALG1-A,ASM01,25,13.8,No
TS-STU2026013-ASM02,STU2026013,ALG1-A,ASM02,25,18.2,No
TS-STU2026013-ASM03,STU2026013,ALG1-A,ASM03,25,18.8,No
TS-STU2026013-ASM04,STU2026013,ALG1-A,ASM04,100,93.0,No
TS-STU2026013-ASM05,STU2026013,ALG1-A,ASM05,25,18.5,No
TS-STU2026013-ASM06,STU2026013,ALG1-A,ASM06,25,9.9,No
TS-STU2026013-ASM07,STU2026013,ALG1-A,ASM07,25,14.7,Yes
TS-STU2026013-ASM08,STU2026013,ALG1-A,ASM08,100,78.0,No
TS-STU2026014-ASM01,STU2026014,ALG1-A,ASM01,25,25.0,Yes
TS-STU2026014-ASM02,STU2026014,ALG1-A,ASM02,25,25.0,No
TS-STU2026014-ASM03,STU2026014,ALG1-A,ASM03,25,25.0,No
TS-STU2026014-ASM04,STU2026014,ALG1-A,ASM04,100,91.2,No
TS-STU2026014-ASM05,STU2026014,ALG1-A,ASM05,25,24.3,No
TS-STU2026014-ASM06,STU2026014,ALG1-A,ASM06,25,22.6,No
TS-STU2026014-ASM07,STU2026014,ALG1-A,ASM07,25,21.4,No
TS-STU2026014-ASM08,STU2026014,ALG1-A,ASM08,100,100.0,No
TS-STU2026015-ASM01,STU2026015,ALG1-A,ASM01,25,20.2,No
TS-STU2026015-ASM02,STU2026015,ALG1-A,ASM02,25,20.1,No
TS-STU2026015-ASM03,STU2026015,ALG1-A,ASM03,25,21.2,No
TS-STU2026015-ASM04,STU2026015,ALG1-A,ASM04,100,59.2,No
TS-STU2026015-ASM05,STU2026015,ALG1-A,ASM05,25,17.4,No
TS-STU2026015-ASM06,STU2026015,ALG1-A,ASM06,25,18.5,No
TS-STU2026015-ASM07,STU2026015,ALG1-A,ASM07,25,20.1,No
TS-STU2026015-ASM08,STU2026015,ALG1-A,ASM08,100,64.7,No
TS-STU2026016-ASM01,STU2026016,ALG1-A,ASM01,25,13.9,No
TS-STU2026016-ASM02,STU2026016,ALG1-A,ASM02,25,17.6,No
TS-STU2026016-ASM03,STU2026016,ALG1-A,ASM03,25,13.5,No
TS-STU2026016-ASM04,STU2026016,ALG1-A,ASM04,100,73.2,No
TS-STU2026016-ASM05,STU2026016,ALG1-A,ASM05,25,16.3,No
TS-STU2026016-ASM06,STU2026016,ALG1-A,ASM06,25,11.6,No
TS-STU2026016-ASM07,STU2026016,ALG1-A,ASM07,25,16.2,No
TS-STU2026016-ASM08,STU2026016,ALG1-A,ASM08,100,47.7,No
TS-STU2026017-ASM01,STU2026017,ALG1-A,ASM01,25,20.4,No
TS-STU2026017-ASM02,STU2026017,ALG1-A,ASM02,25,25.0,No
TS-STU2026017-ASM03,STU2026017,ALG1-A,ASM03,25,16.7,No
TS-STU2026017-ASM04,STU2026017,ALG1-A,ASM04,100,88.0,No
TS-STU2026017-ASM05,STU2026017,ALG1-A,ASM05,25,19.7,No
TS-STU2026017-ASM06,STU2026017,ALG1-A,ASM06,25,25.0,No
TS-STU2026017-ASM07,STU2026017,ALG1-A,ASM07,25,23.5,No
TS-STU2026017-ASM08,STU2026017,ALG1-A,ASM08,100,80.2,No
TS-STU2026018-ASM01,STU2026018,ALG1-A,ASM01,25,16.0,No
TS-STU2026018-ASM02,STU2026018,ALG1-A,ASM02,25,17.8,No
TS-STU2026018-ASM03,STU2026018,ALG1-A,ASM03,25,14.2,No
TS-STU2026018-ASM04,STU2026018,ALG1-A,ASM04,100,61.7,No
TS-STU2026018-ASM05,STU2026018,ALG1-A,ASM05,25,13.9,No
TS-STU2026018-ASM06,STU2026018,ALG1-A,ASM06,25,18.3,Yes
TS-STU2026018-ASM07,STU2026018,ALG1-A,ASM07,25,16.6,No
TS-STU2026018-ASM08,STU2026018,ALG1-A,ASM08,100,51.6,No
TS-STU2026019-ASM01,STU2026019,ALG1-A,ASM01,25,14.6,No
TS-STU2026019-ASM02,STU2026019,ALG1-A,ASM02,25,14.0,No
TS-STU2026019-ASM03,STU2026019,ALG1-A,ASM03,25,10.0,No
TS-STU2026019-ASM04,STU2026019,ALG1-A,ASM04,100,48.5,Yes
TS-STU2026019-ASM05,STU2026019,ALG1-A,ASM05,25,11.1,No
TS-STU2026019-ASM06,STU2026019,ALG1-A,ASM06,25,6.8,No
TS-STU2026019-ASM07,STU2026019,ALG1-A,ASM07,25,6.5,No
TS-STU2026019-ASM08,STU2026019,ALG1-A,ASM08,100,34.2,No
TS-STU2026020-ASM01,STU2026020,ALG1-A,ASM01,25,20.7,No
TS-STU2026020-ASM02,STU2026020,ALG1-A,ASM02,25,25.0,No
TS-STU2026020-ASM03,STU2026020,ALG1-A,ASM03,25,23.4,No
TS-STU2026020-ASM04,STU2026020,ALG1-A,ASM04,100,97.7,No
TS-STU2026020-ASM05,STU2026020,ALG1-A,ASM05,25,18.5,No
TS-STU2026020-ASM06,STU2026020,ALG1-A,ASM06,25,23.9,No
TS-STU2026020-ASM07,STU2026020,ALG1-A,ASM07,25,22.8,No
TS-STU2026020-ASM08,STU2026020,ALG1-A,ASM08,100,72.9,No
TS-STU2026021-ASM01,STU2026021,ALG1-A,ASM01,25,20.1,No
TS-STU2026021-ASM02,STU2026021,ALG1-A,ASM02,25,16.9,No
TS-STU2026021-ASM03,STU2026021,ALG1-A,ASM03,25,16.7,No
TS-STU2026021-ASM04,STU2026021,ALG1-A,ASM04,100,65.0,No
TS-STU2026021-ASM05,STU2026021,ALG1-A,ASM05,25,22.1,No
TS-STU2026021-ASM06,STU2026021,ALG1-A,ASM06,25,19.0,No
TS-STU2026021-ASM07,STU2026021,ALG1-A,ASM07,25,15.2,Yes
TS-STU2026021-ASM08,STU2026021,ALG1-A,ASM08,100,68.2,No
TS-STU2026022-ASM01,STU2026022,ALG1-A,ASM01,25,17.7,No
TS-STU2026022-ASM02,STU2026022,ALG1-A,ASM02,25,19.1,No
TS-STU2026022-ASM03,STU2026022,ALG1-A,ASM03,25,18.2,No
TS-STU2026022-ASM04,STU2026022,ALG1-A,ASM04,100,62.7,No
TS-STU2026022-ASM05,STU2026022,ALG1-A,ASM05,25,22.8,No
TS-STU2026022-ASM06,STU2026022,ALG1-A,ASM06,25,16.7,No
TS-STU2026022-ASM07,STU2026022,ALG1-A,ASM07,25,19.8,No
TS-STU2026022-ASM08,STU2026022,ALG1-A,ASM08,100,90.1,No
TS-STU2026023-ASM01,STU2026023,ALG1-A,ASM01,25,18.2,No
TS-STU2026023-ASM02,STU2026023,ALG1-A,ASM02,25,22.2,No
TS-STU2026023-ASM03,STU2026023,ALG1-A,ASM03,25,17.2,No
TS-STU2026023-ASM04,STU2026023,ALG1-A,ASM04,100,78.1,No
TS-STU2026023-ASM05,STU2026023,ALG1-A,ASM05,25,16.0,No
TS-STU2026023-ASM06,STU2026023,ALG1-A,ASM06,25,14.7,No
TS-STU2026023-ASM07,STU2026023,ALG1-A,ASM07,25,14.0,No
TS-STU2026023-ASM08,STU2026023,ALG1-A,ASM08,100,73.5,No
TS-STU2026024-ASM01,STU2026024,ALG1-A,ASM01,25,14.4,Yes
TS-STU2026024-ASM02,STU2026024,ALG1-A,ASM02,25,21.1,No
TS-STU2026024-ASM03,STU2026024,ALG1-A,ASM03,25,15.6,No
TS-STU2026024-ASM04,STU2026024,ALG1-A,ASM04,100,63.9,No
TS-STU2026024-ASM05,STU2026024,ALG1-A,ASM05,25,15.4,No
TS-STU2026024-ASM06,STU2026024,ALG1-A,ASM06,25,18.3,No
TS-STU2026024-ASM07,STU2026024,ALG1-A,ASM07,25,16.9,No
TS-STU2026024-ASM08,STU2026024,ALG1-A,ASM08,100,55.7,No
TS-STU2026025-ASM01,STU2026025,ALG1-A,ASM01,25,16.7,No
TS-STU2026025-ASM02,STU2026025,ALG1-A,ASM02,25,16.1,Yes
TS-STU2026025-ASM03,STU2026025,ALG1-A,ASM03,25,17.7,No
TS-STU2026025-ASM04,STU2026025,ALG1-A,ASM04,100,69.5,No
TS-STU2026025-ASM05,STU2026025,ALG1-A,ASM05,25,17.1,No
TS-STU2026025-ASM06,STU2026025,ALG1-A,ASM06,25,18.2,No
TS-STU2026025-ASM07,STU2026025,ALG1-A,ASM07,25,14.6,No
TS-STU2026025-ASM08,STU2026025,ALG1-A,ASM08,100,55.2,No
TS-STU2026026-ASM01,STU2026026,ALG1-A,ASM01,25,19.8,No
TS-STU2026026-ASM02,STU2026026,ALG1-A,ASM02,25,15.9,No
TS-STU2026026-ASM03,STU2026026,ALG1-A,ASM03,25,25.0,No
TS-STU2026026-ASM04,STU2026026,ALG1-A,ASM04,100,83.3,No
TS-STU2026026-ASM05,STU2026026,ALG1-A,ASM05,25,17.6,No
TS-STU2026026-ASM06,STU2026026,ALG1-A,ASM06,25,20.1,No
TS-STU2026026-ASM07,STU2026026,ALG1-A,ASM07,25,25.0,No
TS-STU2026026-ASM08,STU2026026,ALG1-A,ASM08,100,77.9,No
TS-STU2026027-ASM01,STU2026027,ALG1-A,ASM01,25,16.2,No
TS-STU2026027-ASM02,STU2026027,ALG1-A,ASM02,25,16.8,No
TS-STU2026027-ASM03,STU2026027,ALG1-A,ASM03,25,18.0,No
TS-STU2026027-ASM04,STU2026027,ALG1-A,ASM04,100,62.6,No
TS-STU2026027-ASM05,STU2026027,ALG1-A,ASM05,25,13.3,No
TS-STU2026027-ASM06,STU2026027,ALG1-A,ASM06,25,16.9,No
TS-STU2026027-ASM07,STU2026027,ALG1-A,ASM07,25,13.4,Yes
TS-STU2026027-ASM08,STU2026027,ALG1-A,ASM08,100,61.5,No
TS-STU2026028-ASM01,STU2026028,ALG1-A,ASM01,25,15.3,No
TS-STU2026028-ASM02,STU2026028,ALG1-A,ASM02,25,16.0,No
TS-STU2026028-ASM03,STU2026028,ALG1-A,ASM03,25,18.2,No
TS-STU2026028-ASM04,STU2026028,ALG1-A,ASM04,100,64.9,No
TS-STU2026028-ASM05,STU2026028,ALG1-A,ASM05,25,18.9,No
TS-STU2026028-ASM06,STU2026028,ALG1-A,ASM06,25,11.9,No
TS-STU2026028-ASM07,STU2026028,ALG1-A,ASM07,25,15.0,No
TS-STU2026028-ASM08,STU2026028,ALG1-A,ASM08,100,63.4,No
TS-STU2026029-ASM01,STU2026029,ALG1-A,ASM01,25,16.1,No
TS-STU2026029-ASM02,STU2026029,ALG1-A,ASM02,25,22.1,No
TS-STU2026029-ASM03,STU2026029,ALG1-A,ASM03,25,21.6,Yes
TS-STU2026029-ASM04,STU2026029,ALG1-A,ASM04,100,65.9,No
TS-STU2026029-ASM05,STU2026029,ALG1-A,ASM05,25,20.3,No
TS-STU2026029-ASM06,STU2026029,ALG1-A,ASM06,25,23.5,No
TS-STU2026029-ASM07,STU2026029,ALG1-A,ASM07,25,20.5,Yes
TS-STU2026029-ASM08,STU2026029,ALG1-A,ASM08,100,78.2,Yes
TS-STU2026030-ASM01,STU2026030,ALG1-A,ASM01,25,25.0,No
TS-STU2026030-ASM02,STU2026030,ALG1-A,ASM02,25,21.9,No
TS-STU2026030-ASM03,STU2026030,ALG1-A,ASM03,25,25.0,No
TS-STU2026030-ASM04,STU2026030,ALG1-A,ASM04,100,100.0,No
TS-STU2026030-ASM05,STU2026030,ALG1-A,ASM05,25,24.6,Yes
TS-STU2026030-ASM06,STU2026030,ALG1-A,ASM06,25,22.3,Yes
TS-STU2026030-ASM07,STU2026030,ALG1-A,ASM07,25,24.3,No
TS-STU2026030-ASM08,STU2026030,ALG1-A,ASM08,100,73.7,No
TS-STU2026031-ASM01,STU2026031,ALG1-A,ASM01,25,18.1,No
TS-STU2026031-ASM02,STU2026031,ALG1-A,ASM02,25,15.6,No
TS-STU2026031-ASM03,STU2026031,ALG1-A,ASM03,25,19.8,No
TS-STU2026031-ASM04,STU2026031,ALG1-A,ASM04,100,63.0,No
TS-STU2026031-ASM05,STU2026031,ALG1-A,ASM05,25,16.6,No
TS-STU2026031-ASM06,STU2026031,ALG1-A,ASM06,25,18.1,No
TS-STU2026031-ASM07,STU2026031,ALG1-A,ASM07,25,15.8,Yes
TS-STU2026031-ASM08,STU2026031,ALG1-A,ASM08,100,54.5,No
TS-STU2026032-ASM01,STU2026032,ALG1-A,ASM01,25,15.6,No
TS-STU2026032-ASM02,STU2026032,ALG1-A,ASM02,25,13.0,No
TS-STU2026032-ASM03,STU2026032,ALG1-A,ASM03,25,9.5,No
TS-STU2026032-ASM04,STU2026032,ALG1-A,ASM04,100,49.8,No
TS-STU2026032-ASM05,STU2026032,ALG1-A,ASM05,25,17.8,No
TS-STU2026032-ASM06,STU2026032,ALG1-A,ASM06,25,15.3,No
TS-STU2026032-ASM07,STU2026032,ALG1-A,ASM07,25,8.6,No
TS-STU2026032-ASM08,STU2026032,ALG1-A,ASM08,100,48.4,No
TS-STU2026033-ASM01,STU2026033,ALG1-A,ASM01,25,20.2,No
TS-STU2026033-ASM02,STU2026033,ALG1-A,ASM02,25,13.2,No
TS-STU2026033-ASM03,STU2026033,ALG1-A,ASM03,25,13.2,Yes
TS-STU2026033-ASM04,STU2026033,ALG1-A,ASM04,100,69.6,No
TS-STU2026033-ASM05,STU2026033,ALG1-A,ASM05,25,12.9,No
TS-STU2026033-ASM06,STU2026033,ALG1-A,ASM06,25,11.4,Yes
TS-STU2026033-ASM07,STU2026033,ALG1-A,ASM07,25,12.7,No
TS-STU2026033-ASM08,STU2026033,ALG1-A,ASM08,100,53.5,Yes
TS-STU2026034-ASM01,STU2026034,ALG1-A,ASM01,25,21.2,Yes
TS-STU2026034-ASM02,STU2026034,ALG1-A,ASM02,25,23.5,No
TS-STU2026034-ASM03,STU2026034,ALG1-A,ASM03,25,21.7,Yes
TS-STU2026034-ASM04,STU2026034,ALG1-A,ASM04,100,77.4,No
TS-STU2026034-ASM05,STU2026034,ALG1-A,ASM05,25,21.4,No
TS-STU2026034-ASM06,STU2026034,ALG1-A,ASM06,25,22.5,No
TS-STU2026034-ASM07,STU2026034,ALG1-A,ASM07,25,21.1,No
TS-STU2026034-ASM08,STU2026034,ALG1-A,ASM08,100,99.5,No
TS-STU2026035-ASM01,STU2026035,ALG1-A,ASM01,25,23.2,No
TS-STU2026035-ASM02,STU2026035,ALG1-A,ASM02,25,18.0,No
TS-STU2026035-ASM03,STU2026035,ALG1-A,ASM03,25,19.3,No
TS-STU2026035-ASM04,STU2026035,ALG1-A,ASM04,100,90.5,No
TS-STU2026035-ASM05,STU2026035,ALG1-A,ASM05,25,23.5,No
TS-STU2026035-ASM06,STU2026035,ALG1-A,ASM06,25,21.7,No
TS-STU2026035-ASM07,STU2026035,ALG1-A,ASM07,25,21.6,No
TS-STU2026035-ASM08,STU2026035,ALG1-A,ASM08,100,77.5,No
TS-STU2026036-ASM01,STU2026036,ALG1-A,ASM01,25,19.1,No
TS-STU2026036-ASM02,STU2026036,ALG1-A,ASM02,25,14.5,No
TS-STU2026036-ASM03,STU2026036,ALG1-A,ASM03,25,24.0,No
TS-STU2026036-ASM04,STU2026036,ALG1-A,ASM04,100,100.0,No
TS-STU2026036-ASM05,STU2026036,ALG1-A,ASM05,25,23.8,Yes
TS-STU2026036-ASM06,STU2026036,ALG1-A,ASM06,25,19.0,No
TS-STU2026036-ASM07,STU2026036,ALG1-A,ASM07,25,17.3,No
TS-STU2026036-ASM08,STU2026036,ALG1-A,ASM08,100,56.6,No
TS-STU2026037-ASM01,STU2026037,ALG1-A,ASM01,25,21.4,No
TS-STU2026037-ASM02,STU2026037,ALG1-A,ASM02,25,22.0,No
TS-STU2026037-ASM03,STU2026037,ALG1-A,ASM03,25,18.1,No
TS-STU2026037-ASM04,STU2026037,ALG1-A,ASM04,100,74.3,No
TS-STU2026037-ASM05,STU2026037,ALG1-A,ASM05,25,21.5,Yes
TS-STU2026037-ASM06,STU2026037,ALG1-A,ASM06,25,24.1,No
TS-STU2026037-ASM07,STU2026037,ALG1-A,ASM07,25,24.2,No
TS-STU2026037-ASM08,STU2026037,ALG1-A,ASM08,100,100.0,No
TS-STU2026038-ASM01,STU2026038,ALG1-A,ASM01,25,20.7,No
TS-STU2026038-ASM02,STU2026038,ALG1-A,ASM02,25,20.1,No
TS-STU2026038-ASM03,STU2026038,ALG1-A,ASM03,25,22.9,No
TS-STU2026038-ASM04,STU2026038,ALG1-A,ASM04,100,89.4,No
TS-STU2026038-ASM05,STU2026038,ALG1-A,ASM05,25,18.5,No
TS-STU2026038-ASM06,STU2026038,ALG1-A,ASM06,25,21.3,No
TS-STU2026038-ASM07,STU2026038,ALG1-A,ASM07,25,25.0,No
TS-STU2026038-ASM08,STU2026038,ALG1-A,ASM08,100,89.2,No
TS-STU2026039-ASM01,STU2026039,ALG1-A,ASM01,25,11.6,No
TS-STU2026039-ASM02,STU2026039,ALG1-A,ASM02,25,16.3,No
TS-STU2026039-ASM03,STU2026039,ALG1-A,ASM03,25,12.0,No
TS-STU2026039-ASM04,STU2026039,ALG1-A,ASM04,100,71.1,No
TS-STU2026039-ASM05,STU2026039,ALG1-A,ASM05,25,17.2,No
TS-STU2026039-ASM06,STU2026039,ALG1-A,ASM06,25,18.4,No
TS-STU2026039-ASM07,STU2026039,ALG1-A,ASM07,25,19.7,No
TS-STU2026039-ASM08,STU2026039,ALG1-A,ASM08,100,86.8,No
TS-STU2026040-ASM01,STU2026040,ALG1-A,ASM01,25,22.3,No
TS-STU2026040-ASM02,STU2026040,ALG1-A,ASM02,25,22.2,No
TS-STU2026040-ASM03,STU2026040,ALG1-A,ASM03,25,25.0,No
TS-STU2026040-ASM04,STU2026040,ALG1-A,ASM04,100,100.0,Yes
TS-STU2026040-ASM05,STU2026040,ALG1-A,ASM05,25,19.1,No
TS-STU2026040-ASM06,STU2026040,ALG1-A,ASM06,25,21.9,No
TS-STU2026040-ASM07,STU2026040,ALG1-A,ASM07,25,24.3,No
TS-STU2026040-ASM08,STU2026040,ALG1-A,ASM08,100,84.8,No
TS-STU2026041-ASM01,STU2026041,ALG1-B,ASM01,25,20.9,No
TS-STU2026041-ASM02,STU2026041,ALG1-B,ASM02,25,22.3,No
TS-STU2026041-ASM03,STU2026041,ALG1-B,ASM03,25,20.6,No
TS-STU2026041-ASM04,STU2026041,ALG1-B,ASM04,100,42.4,No
TS-STU2026041-ASM05,STU2026041,ALG1-B,ASM05,25,13.5,Yes
TS-STU2026041-ASM06,STU2026041,ALG1-B,ASM06,25,16.6,No
TS-STU2026041-ASM07,STU2026041,ALG1-B,ASM07,25,17.5,No
TS-STU2026041-ASM08,STU2026041,ALG1-B,ASM08,100,69.9,No
TS-STU2026042-ASM01,STU2026042,ALG1-B,ASM01,25,23.2,No
TS-STU2026042-ASM02,STU2026042,ALG1-B,ASM02,25,19.1,No
TS-STU2026042-ASM03,STU2026042,ALG1-B,ASM03,25,24.3,No
TS-STU2026042-ASM04,STU2026042,ALG1-B,ASM04,100,88.9,No
TS-STU2026042-ASM05,STU2026042,ALG1-B,ASM05,25,24.3,Yes
TS-STU2026042-ASM06,STU2026042,ALG1-B,ASM06,25,25.0,No
TS-STU2026042-ASM07,STU2026042,ALG1-B,ASM07,25,16.2,Yes
TS-STU2026042-ASM08,STU2026042,ALG1-B,ASM08,100,64.0,No
TS-STU2026043-ASM01,STU2026043,ALG1-B,ASM01,25,16.8,Yes
TS-STU2026043-ASM02,STU2026043,ALG1-B,ASM02,25,24.7,No
TS-STU2026043-ASM03,STU2026043,ALG1-B,ASM03,25,22.6,Yes
TS-STU2026043-ASM04,STU2026043,ALG1-B,ASM04,100,82.1,No
TS-STU2026043-ASM05,STU2026043,ALG1-B,ASM05,25,22.3,No
TS-STU2026043-ASM06,STU2026043,ALG1-B,ASM06,25,22.4,No
TS-STU2026043-ASM07,STU2026043,ALG1-B,ASM07,25,21.3,No
TS-STU2026043-ASM08,STU2026043,ALG1-B,ASM08,100,93.3,Yes
TS-STU2026044-ASM01,STU2026044,ALG1-B,ASM01,25,17.2,No
TS-STU2026044-ASM02,STU2026044,ALG1-B,ASM02,25,17.5,Yes
TS-STU2026044-ASM03,STU2026044,ALG1-B,ASM03,25,16.0,Yes
TS-STU2026044-ASM04,STU2026044,ALG1-B,ASM04,100,67.4,No
TS-STU2026044-ASM05,STU2026044,ALG1-B,ASM05,25,20.6,No
TS-STU2026044-ASM06,STU2026044,ALG1-B,ASM06,25,18.6,No
TS-STU2026044-ASM07,STU2026044,ALG1-B,ASM07,25,15.9,No
TS-STU2026044-ASM08,STU2026044,ALG1-B,ASM08,100,65.3,Yes
TS-STU2026045-ASM01,STU2026045,ALG1-B,ASM01,25,12.0,No
TS-STU2026045-ASM02,STU2026045,ALG1-B,ASM02,25,14.4,No
TS-STU2026045-ASM03,STU2026045,ALG1-B,ASM03,25,11.2,No
TS-STU2026045-ASM04,STU2026045,ALG1-B,ASM04,100,28.6,No
TS-STU2026045-ASM05,STU2026045,ALG1-B,ASM05,25,9.2,No
TS-STU2026045-ASM06,STU2026045,ALG1-B,ASM06,25,12.0,No
TS-STU2026045-ASM07,STU2026045,ALG1-B,ASM07,25,7.9,No
TS-STU2026045-ASM08,STU2026045,ALG1-B,ASM08,100,68.9,No
TS-STU2026046-ASM01,STU2026046,ALG1-B,ASM01,25,13.6,No
TS-STU2026046-ASM02,STU2026046,ALG1-B,ASM02,25,11.9,No
TS-STU2026046-ASM03,STU2026046,ALG1-B,ASM03,25,12.3,No
TS-STU2026046-ASM04,STU2026046,ALG1-B,ASM04,100,42.4,No
TS-STU2026046-ASM05,STU2026046,ALG1-B,ASM05,25,6.2,No
TS-STU2026046-ASM06,STU2026046,ALG1-B,ASM06,25,11.2,No
TS-STU2026046-ASM07,STU2026046,ALG1-B,ASM07,25,11.5,No
TS-STU2026046-ASM08,STU2026046,ALG1-B,ASM08,100,53.2,No
TS-STU2026047-ASM01,STU2026047,ALG1-B,ASM01,25,14.9,Yes
TS-STU2026047-ASM02,STU2026047,ALG1-B,ASM02,25,19.4,Yes
TS-STU2026047-ASM03,STU2026047,ALG1-B,ASM03,25,15.4,No
TS-STU2026047-ASM04,STU2026047,ALG1-B,ASM04,100,68.5,No
TS-STU2026047-ASM05,STU2026047,ALG1-B,ASM05,25,19.7,No
TS-STU2026047-ASM06,STU2026047,ALG1-B,ASM06,25,14.8,No
TS-STU2026047-ASM07,STU2026047,ALG1-B,ASM07,25,19.4,No
TS-STU2026047-ASM08,STU2026047,ALG1-B,ASM08,100,57.5,No
TS-STU2026048-ASM01,STU2026048,ALG1-B,ASM01,25,23.4,No
TS-STU2026048-ASM02,STU2026048,ALG1-B,ASM02,25,23.2,No
TS-STU2026048-ASM03,STU2026048,ALG1-B,ASM03,25,20.7,No
TS-STU2026048-ASM04,STU2026048,ALG1-B,ASM04,100,99.2,No
TS-STU2026048-ASM05,STU2026048,ALG1-B,ASM05,25,22.1,No
TS-STU2026048-ASM06,STU2026048,ALG1-B,ASM06,25,23.7,No
TS-STU2026048-ASM07,STU2026048,ALG1-B,ASM07,25,22.5,No
TS-STU2026048-ASM08,STU2026048,ALG1-B,ASM08,100,82.1,No
TS-STU2026049-ASM01,STU2026049,ALG1-B,ASM01,25,10.9,No
TS-STU2026049-ASM02,STU2026049,ALG1-B,ASM02,25,16.1,No
TS-STU2026049-ASM03,STU2026049,ALG1-B,ASM03,25,11.0,No
TS-STU2026049-ASM04,STU2026049,ALG1-B,ASM04,100,66.6,No
TS-STU2026049-ASM05,STU2026049,ALG1-B,ASM05,25,6.2,No
TS-STU2026049-ASM06,STU2026049,ALG1-B,ASM06,25,10.2,No
TS-STU2026049-ASM07,STU2026049,ALG1-B,ASM07,25,14.4,No
TS-STU2026049-ASM08,STU2026049,ALG1-B,ASM08,100,25.0,No
TS-STU2026050-ASM01,STU2026050,ALG1-B,ASM01,25,17.7,No
TS-STU2026050-ASM02,STU2026050,ALG1-B,ASM02,25,22.4,No
TS-STU2026050-ASM03,STU2026050,ALG1-B,ASM03,25,16.2,No
TS-STU2026050-ASM04,STU2026050,ALG1-B,ASM04,100,81.9,No
TS-STU2026050-ASM05,STU2026050,ALG1-B,ASM05,25,19.8,No
TS-STU2026050-ASM06,STU2026050,ALG1-B,ASM06,25,21.8,No
TS-STU2026050-ASM07,STU2026050,ALG1-B,ASM07,25,24.7,No
TS-STU2026050-ASM08,STU2026050,ALG1-B,ASM08,100,77.1,No
TS-STU2026051-ASM01,STU2026051,ALG1-B,ASM01,25,16.1,No
TS-STU2026051-ASM02,STU2026051,ALG1-B,ASM02,25,17.0,No
TS-STU2026051-ASM03,STU2026051,ALG1-B,ASM03,25,11.3,No
TS-STU2026051-ASM04,STU2026051,ALG1-B,ASM04,100,64.0,No
TS-STU2026051-ASM05,STU2026051,ALG1-B,ASM05,25,19.2,No
TS-STU2026051-ASM06,STU2026051,ALG1-B,ASM06,25,17.7,No
TS-STU2026051-ASM07,STU2026051,ALG1-B,ASM07,25,17.2,No
TS-STU2026051-ASM08,STU2026051,ALG1-B,ASM08,100,83.7,Yes
TS-STU2026052-ASM01,STU2026052,ALG1-B,ASM01,25,14.0,No
TS-STU2026052-ASM02,STU2026052,ALG1-B,ASM02,25,17.1,No
TS-STU2026052-ASM03,STU2026052,ALG1-B,ASM03,25,12.0,No
TS-STU2026052-ASM04,STU2026052,ALG1-B,ASM04,100,59.5,No
TS-STU2026052-ASM05,STU2026052,ALG1-B,ASM05,25,14.3,No
TS-STU2026052-ASM06,STU2026052,ALG1-B,ASM06,25,16.5,No
TS-STU2026052-ASM07,STU2026052,ALG1-B,ASM07,25,9.5,No
TS-STU2026052-ASM08,STU2026052,ALG1-B,ASM08,100,39.2,No
TS-STU2026053-ASM01,STU2026053,ALG1-B,ASM01,25,16.8,No
TS-STU2026053-ASM02,STU2026053,ALG1-B,ASM02,25,17.7,No
TS-STU2026053-ASM03,STU2026053,ALG1-B,ASM03,25,14.9,No
TS-STU2026053-ASM04,STU2026053,ALG1-B,ASM04,100,76.2,No
TS-STU2026053-ASM05,STU2026053,ALG1-B,ASM05,25,17.1,No
TS-STU2026053-ASM06,STU2026053,ALG1-B,ASM06,25,15.0,No
TS-STU2026053-ASM07,STU2026053,ALG1-B,ASM07,25,14.6,No
TS-STU2026053-ASM08,STU2026053,ALG1-B,ASM08,100,61.2,No
TS-STU2026054-ASM01,STU2026054,ALG1-B,ASM01,25,18.9,No
TS-STU2026054-ASM02,STU2026054,ALG1-B,ASM02,25,15.1,No
TS-STU2026054-ASM03,STU2026054,ALG1-B,ASM03,25,23.1,Yes
TS-STU2026054-ASM04,STU2026054,ALG1-B,ASM04,100,76.7,No
TS-STU2026054-ASM05,STU2026054,ALG1-B,ASM05,25,15.7,No
TS-STU2026054-ASM06,STU2026054,ALG1-B,ASM06,25,20.2,Yes
TS-STU2026054-ASM07,STU2026054,ALG1-B,ASM07,25,21.3,No
TS-STU2026054-ASM08,STU2026054,ALG1-B,ASM08,100,68.5,No
TS-STU2026055-ASM01,STU2026055,ALG1-B,ASM01,25,24.0,No
TS-STU2026055-ASM02,STU2026055,ALG1-B,ASM02,25,23.9,No
TS-STU2026055-ASM03,STU2026055,ALG1-B,ASM03,25,18.9,No
TS-STU2026055-ASM04,STU2026055,ALG1-B,ASM04,100,85.3,No
TS-STU2026055-ASM05,STU2026055,ALG1-B,ASM05,25,24.1,No
TS-STU2026055-ASM06,STU2026055,ALG1-B,ASM06,25,25.0,No
TS-STU2026055-ASM07,STU2026055,ALG1-B,ASM07,25,19.0,No
TS-STU2026055-ASM08,STU2026055,ALG1-B,ASM08,100,72.2,Yes
TS-STU2026056-ASM01,STU2026056,ALG1-B,ASM01,25,25.0,No
TS-STU2026056-ASM02,STU2026056,ALG1-B,ASM02,25,19.0,No
TS-STU2026056-ASM03,STU2026056,ALG1-B,ASM03,25,23.3,No
TS-STU2026056-ASM04,STU2026056,ALG1-B,ASM04,100,77.5,Yes
TS-STU2026056-ASM05,STU2026056,ALG1-B,ASM05,25,21.3,No
TS-STU2026056-ASM06,STU2026056,ALG1-B,ASM06,25,20.8,Yes
TS-STU2026056-ASM07,STU2026056,ALG1-B,ASM07,25,20.5,No
TS-STU2026056-ASM08,STU2026056,ALG1-B,ASM08,100,76.4,No
TS-STU2026057-ASM01,STU2026057,ALG1-B,ASM01,25,12.0,No
TS-STU2026057-ASM02,STU2026057,ALG1-B,ASM02,25,16.3,Yes
TS-STU2026057-ASM03,STU2026057,ALG1-B,ASM03,25,15.5,No
TS-STU2026057-ASM04,STU2026057,ALG1-B,ASM04,100,51.2,No
TS-STU2026057-ASM05,STU2026057,ALG1-B,ASM05,25,13.3,Yes
TS-STU2026057-ASM06,STU2026057,ALG1-B,ASM06,25,17.1,No
TS-STU2026057-ASM07,STU2026057,ALG1-B,ASM07,25,11.9,No
TS-STU2026057-ASM08,STU2026057,ALG1-B,ASM08,100,36.4,No
TS-STU2026058-ASM01,STU2026058,ALG1-B,ASM01,25,20.7,No
TS-STU2026058-ASM02,STU2026058,ALG1-B,ASM02,25,19.8,No
TS-STU2026058-ASM03,STU2026058,ALG1-B,ASM03,25,20.3,Yes
TS-STU2026058-ASM04,STU2026058,ALG1-B,ASM04,100,96.2,No
TS-STU2026058-ASM05,STU2026058,ALG1-B,ASM05,25,15.9,No
TS-STU2026058-ASM06,STU2026058,ALG1-B,ASM06,25,15.4,No
TS-STU2026058-ASM07,STU2026058,ALG1-B,ASM07,25,18.9,No
TS-STU2026058-ASM08,STU2026058,ALG1-B,ASM08,100,80.4,No
TS-STU2026059-ASM01,STU2026059,ALG1-B,ASM01,25,15.2,No
TS-STU2026059-ASM02,STU2026059,ALG1-B,ASM02,25,19.6,No
TS-STU2026059-ASM03,STU2026059,ALG1-B,ASM03,25,20.5,No
TS-STU2026059-ASM04,STU2026059,ALG1-B,ASM04,100,94.6,No
TS-STU2026059-ASM05,STU2026059,ALG1-B,ASM05,25,19.5,No
TS-STU2026059-ASM06,STU2026059,ALG1-B,ASM06,25,15.3,No
TS-STU2026059-ASM07,STU2026059,ALG1-B,ASM07,25,20.8,No
TS-STU2026059-ASM08,STU2026059,ALG1-B,ASM08,100,80.6,No
TS-STU2026060-ASM01,STU2026060,ALG1-B,ASM01,25,12.5,No
TS-STU2026060-ASM02,STU2026060,ALG1-B,ASM02,25,16.4,No
TS-STU2026060-ASM03,STU2026060,ALG1-B,ASM03,25,17.1,No
TS-STU2026060-ASM04,STU2026060,ALG1-B,ASM04,100,79.9,No
TS-STU2026060-ASM05,STU2026060,ALG1-B,ASM05,25,20.7,No
TS-STU2026060-ASM06,STU2026060,ALG1-B,ASM06,25,12.7,Yes
TS-STU2026060-ASM07,STU2026060,ALG1-B,ASM07,25,16.6,No
TS-STU2026060-ASM08,STU2026060,ALG1-B,ASM08,100,66.6,No
TS-STU2026061-ASM01,STU2026061,ALG1-B,ASM01,25,22.2,No
TS-STU2026061-ASM02,STU2026061,ALG1-B,ASM02,25,21.9,No
TS-STU2026061-ASM03,STU2026061,ALG1-B,ASM03,25,20.6,No
TS-STU2026061-ASM04,STU2026061,ALG1-B,ASM04,100,77.1,No
TS-STU2026061-ASM05,STU2026061,ALG1-B,ASM05,25,18.2,No
TS-STU2026061-ASM06,STU2026061,ALG1-B,ASM06,25,22.3,No
TS-STU2026061-ASM07,STU2026061,ALG1-B,ASM07,25,22.3,No
TS-STU2026061-ASM08,STU2026061,ALG1-B,ASM08,100,79.3,No
TS-STU2026062-ASM01,STU2026062,ALG1-B,ASM01,25,21.7,No
TS-STU2026062-ASM02,STU2026062,ALG1-B,ASM02,25,18.0,No
TS-STU2026062-ASM03,STU2026062,ALG1-B,ASM03,25,19.6,No
TS-STU2026062-ASM04,STU2026062,ALG1-B,ASM04,100,63.8,No
TS-STU2026062-ASM05,STU2026062,ALG1-B,ASM05,25,18.5,No
TS-STU2026062-ASM06,STU2026062,ALG1-B,ASM06,25,24.3,Yes
TS-STU2026062-ASM07,STU2026062,ALG1-B,ASM07,25,17.1,No
TS-STU2026062-ASM08,STU2026062,ALG1-B,ASM08,100,82.3,No
TS-STU2026063-ASM01,STU2026063,ALG1-B,ASM01,25,13.3,No
TS-STU2026063-ASM02,STU2026063,ALG1-B,ASM02,25,15.1,No
TS-STU2026063-ASM03,STU2026063,ALG1-B,ASM03,25,10.3,No
TS-STU2026063-ASM04,STU2026063,ALG1-B,ASM04,100,41.6,No
TS-STU2026063-ASM05,STU2026063,ALG1-B,ASM05,25,6.2,No
TS-STU2026063-ASM06,STU2026063,ALG1-B,ASM06,25,9.5,No
TS-STU2026063-ASM07,STU2026063,ALG1-B,ASM07,25,12.2,No
TS-STU2026063-ASM08,STU2026063,ALG1-B,ASM08,100,47.5,No
TS-STU2026064-ASM01,STU2026064,ALG1-B,ASM01,25,19.8,Yes
TS-STU2026064-ASM02,STU2026064,ALG1-B,ASM02,25,21.9,No
TS-STU2026064-ASM03,STU2026064,ALG1-B,ASM03,25,20.5,No
TS-STU2026064-ASM04,STU2026064,ALG1-B,ASM04,100,84.9,No
TS-STU2026064-ASM05,STU2026064,ALG1-B,ASM05,25,25.0,No
TS-STU2026064-ASM06,STU2026064,ALG1-B,ASM06,25,22.0,No
TS-STU2026064-ASM07,STU2026064,ALG1-B,ASM07,25,22.1,No
TS-STU2026064-ASM08,STU2026064,ALG1-B,ASM08,100,91.3,No
TS-STU2026065-ASM01,STU2026065,ALG1-B,ASM01,25,25.0,No
TS-STU2026065-ASM02,STU2026065,ALG1-B,ASM02,25,22.4,No
TS-STU2026065-ASM03,STU2026065,ALG1-B,ASM03,25,23.7,No
TS-STU2026065-ASM04,STU2026065,ALG1-B,ASM04,100,95.7,No
TS-STU2026065-ASM05,STU2026065,ALG1-B,ASM05,25,23.9,No
TS-STU2026065-ASM06,STU2026065,ALG1-B,ASM06,25,22.4,Yes
TS-STU2026065-ASM07,STU2026065,ALG1-B,ASM07,25,25.0,No
TS-STU2026065-ASM08,STU2026065,ALG1-B,ASM08,100,79.6,No
TS-STU2026066-ASM01,STU2026066,ALG1-B,ASM01,25,13.4,No
TS-STU2026066-ASM02,STU2026066,ALG1-B,ASM02,25,13.0,No
TS-STU2026066-ASM03,STU2026066,ALG1-B,ASM03,25,15.4,No
TS-STU2026066-ASM04,STU2026066,ALG1-B,ASM04,100,52.1,No
TS-STU2026066-ASM05,STU2026066,ALG1-B,ASM05,25,17.6,No
TS-STU2026066-ASM06,STU2026066,ALG1-B,ASM06,25,8.1,No
TS-STU2026066-ASM07,STU2026066,ALG1-B,ASM07,25,8.2,No
TS-STU2026066-ASM08,STU2026066,ALG1-B,ASM08,100,45.3,No
TS-STU2026067-ASM01,STU2026067,ALG1-B,ASM01,25,20.2,Yes
TS-STU2026067-ASM02,STU2026067,ALG1-B,ASM02,25,18.0,No
TS-STU2026067-ASM03,STU2026067,ALG1-B,ASM03,25,16.6,Yes
TS-STU2026067-ASM04,STU2026067,ALG1-B,ASM04,100,100.0,No
TS-STU2026067-ASM05,STU2026067,ALG1-B,ASM05,25,14.6,No
TS-STU2026067-ASM06,STU2026067,ALG1-B,ASM06,25,20.4,No
TS-STU2026067-ASM07,STU2026067,ALG1-B,ASM07,25,18.6,No
TS-STU2026067-ASM08,STU2026067,ALG1-B,ASM08,100,81.9,No
TS-STU2026068-ASM01,STU2026068,ALG1-B,ASM01,25,24.6,No
TS-STU2026068-ASM02,STU2026068,ALG1-B,ASM02,25,24.5,No
TS-STU2026068-ASM03,STU2026068,ALG1-B,ASM03,25,23.0,No
TS-STU2026068-ASM04,STU2026068,ALG1-B,ASM04,100,89.3,No
TS-STU2026068-ASM05,STU2026068,ALG1-B,ASM05,25,25.0,Yes
TS-STU2026068-ASM06,STU2026068,ALG1-B,ASM06,25,23.5,No
TS-STU2026068-ASM07,STU2026068,ALG1-B,ASM07,25,19.8,No
TS-STU2026068-ASM08,STU2026068,ALG1-B,ASM08,100,86.6,No
TS-STU2026069-ASM01,STU2026069,ALG1-B,ASM01,25,10.8,No
TS-STU2026069-ASM02,STU2026069,ALG1-B,ASM02,25,15.1,No
TS-STU2026069-ASM03,STU2026069,ALG1-B,ASM03,25,14.2,No
TS-STU2026069-ASM04,STU2026069,ALG1-B,ASM04,100,44.1,No
TS-STU2026069-ASM05,STU2026069,ALG1-B,ASM05,25,9.1,No
TS-STU2026069-ASM06,STU2026069,ALG1-B,ASM06,25,9.2,No
TS-STU2026069-ASM07,STU2026069,ALG1-B,ASM07,25,13.1,No
TS-STU2026069-ASM08,STU2026069,ALG1-B,ASM08,100,51.0,No
TS-STU2026070-ASM01,STU2026070,ALG1-B,ASM01,25,16.1,No
TS-STU2026070-ASM02,STU2026070,ALG1-B,ASM02,25,21.6,No
TS-STU2026070-ASM03,STU2026070,ALG1-B,ASM03,25,16.7,No
TS-STU2026070-ASM04,STU2026070,ALG1-B,ASM04,100,66.9,No
TS-STU2026070-ASM05,STU2026070,ALG1-B,ASM05,25,17.0,Yes
TS-STU2026070-ASM06,STU2026070,ALG1-B,ASM06,25,18.1,No
TS-STU2026070-ASM07,STU2026070,ALG1-B,ASM07,25,14.1,No
TS-STU2026070-ASM08,STU2026070,ALG1-B,ASM08,100,89.1,No
TS-STU2026071-ASM01,STU2026071,ALG1-B,ASM01,25,22.2,No
TS-STU2026071-ASM02,STU2026071,ALG1-B,ASM02,25,20.0,No
TS-STU2026071-ASM03,STU2026071,ALG1-B,ASM03,25,18.9,No
TS-STU2026071-ASM04,STU2026071,ALG1-B,ASM04,100,43.5,No
TS-STU2026071-ASM05,STU2026071,ALG1-B,ASM05,25,22.4,No
TS-STU2026071-ASM06,STU2026071,ALG1-B,ASM06,25,19.0,No
TS-STU2026071-ASM07,STU2026071,ALG1-B,ASM07,25,15.8,No
TS-STU2026071-ASM08,STU2026071,ALG1-B,ASM08,100,78.5,No
TS-STU2026072-ASM01,STU2026072,ALG1-B,ASM01,25,16.8,Yes
TS-STU2026072-ASM02,STU2026072,ALG1-B,ASM02,25,17.8,No
TS-STU2026072-ASM03,STU2026072,ALG1-B,ASM03,25,17.7,No
TS-STU2026072-ASM04,STU2026072,ALG1-B,ASM04,100,65.3,No
TS-STU2026072-ASM05,STU2026072,ALG1-B,ASM05,25,25.0,No
TS-STU2026072-ASM06,STU2026072,ALG1-B,ASM06,25,12.7,No
TS-STU2026072-ASM07,STU2026072,ALG1-B,ASM07,25,13.1,No
TS-STU2026072-ASM08,STU2026072,ALG1-B,ASM08,100,74.6,No
TS-STU2026073-ASM01,STU2026073,ALG1-B,ASM01,25,14.4,No
TS-STU2026073-ASM02,STU2026073,ALG1-B,ASM02,25,12.2,No
TS-STU2026073-ASM03,STU2026073,ALG1-B,ASM03,25,19.1,No
TS-STU2026073-ASM04,STU2026073,ALG1-B,ASM04,100,85.6,No
TS-STU2026073-ASM05,STU2026073,ALG1-B,ASM05,25,19.7,Yes
TS-STU2026073-ASM06,STU2026073,ALG1-B,ASM06,25,18.7,No
TS-STU2026073-ASM07,STU2026073,ALG1-B,ASM07,25,18.5,No
TS-STU2026073-ASM08,STU2026073,ALG1-B,ASM08,100,72.9,No
TS-STU2026074-ASM01,STU2026074,ALG1-B,ASM01,25,10.0,No
TS-STU2026074-ASM02,STU2026074,ALG1-B,ASM02,25,9.2,No
TS-STU2026074-ASM03,STU2026074,ALG1-B,ASM03,25,10.2,No
TS-STU2026074-ASM04,STU2026074,ALG1-B,ASM04,100,33.9,No
TS-STU2026074-ASM05,STU2026074,ALG1-B,ASM05,25,9.3,No
TS-STU2026074-ASM06,STU2026074,ALG1-B,ASM06,25,15.9,No
TS-STU2026074-ASM07,STU2026074,ALG1-B,ASM07,25,16.2,No
TS-STU2026074-ASM08,STU2026074,ALG1-B,ASM08,100,46.8,No
TS-STU2026075-ASM01,STU2026075,ALG1-B,ASM01,25,16.8,No
TS-STU2026075-ASM02,STU2026075,ALG1-B,ASM02,25,23.0,No
TS-STU2026075-ASM03,STU2026075,ALG1-B,ASM03,25,20.2,Yes
TS-STU2026075-ASM04,STU2026075,ALG1-B,ASM04,100,67.2,No
TS-STU2026075-ASM05,STU2026075,ALG1-B,ASM05,25,20.5,No
TS-STU2026075-ASM06,STU2026075,ALG1-B,ASM06,25,17.5,No
TS-STU2026075-ASM07,STU2026075,ALG1-B,ASM07,25,14.5,No
TS-STU2026075-ASM08,STU2026075,ALG1-B,ASM08,100,99.5,No
TS-STU2026076-ASM01,STU2026076,ALG1-B,ASM01,25,24.1,No
TS-STU2026076-ASM02,STU2026076,ALG1-B,ASM02,25,19.4,No
TS-STU2026076-ASM03,STU2026076,ALG1-B,ASM03,25,25.0,No
TS-STU2026076-ASM04,STU2026076,ALG1-B,ASM04,100,84.1,No
TS-STU2026076-ASM05,STU2026076,ALG1-B,ASM05,25,25.0,Yes
TS-STU2026076-ASM06,STU2026076,ALG1-B,ASM06,25,17.2,No
TS-STU2026076-ASM07,STU2026076,ALG1-B,ASM07,25,18.8,No
TS-STU2026076-ASM08,STU2026076,ALG1-B,ASM08,100,88.7,No
TS-STU2026077-ASM01,STU2026077,ALG1-B,ASM01,25,21.1,No
TS-STU2026077-ASM02,STU2026077,ALG1-B,ASM02,25,17.8,No
TS-STU2026077-ASM03,STU2026077,ALG1-B,ASM03,25,21.3,No
TS-STU2026077-ASM04,STU2026077,ALG1-B,ASM04,100,95.9,No
TS-STU2026077-ASM05,STU2026077,ALG1-B,ASM05,25,15.2,No
TS-STU2026077-ASM06,STU2026077,ALG1-B,ASM06,25,25.0,No
TS-STU2026077-ASM07,STU2026077,ALG1-B,ASM07,25,16.4,No
TS-STU2026077-ASM08,STU2026077,ALG1-B,ASM08,100,70.3,No
TS-STU2026078-ASM01,STU2026078,ALG1-B,ASM01,25,19.7,Yes
TS-STU2026078-ASM02,STU2026078,ALG1-B,ASM02,25,18.8,No
TS-STU2026078-ASM03,STU2026078,ALG1-B,ASM03,25,25.0,No
TS-STU2026078-ASM04,STU2026078,ALG1-B,ASM04,100,78.9,No
TS-STU2026078-ASM05,STU2026078,ALG1-B,ASM05,25,22.9,No
TS-STU2026078-ASM06,STU2026078,ALG1-B,ASM06,25,12.5,No
TS-STU2026078-ASM07,STU2026078,ALG1-B,ASM07,25,12.2,No
TS-STU2026078-ASM08,STU2026078,ALG1-B,ASM08,100,72.7,No
TS-STU2026079-ASM01,STU2026079,ALG1-B,ASM01,25,23.6,No
TS-STU2026079-ASM02,STU2026079,ALG1-B,ASM02,25,23.8,No
TS-STU2026079-ASM03,STU2026079,ALG1-B,ASM03,25,22.6,No
TS-STU2026079-ASM04,STU2026079,ALG1-B,ASM04,100,100.0,No
TS-STU2026079-ASM05,STU2026079,ALG1-B,ASM05,25,24.4,No
TS-STU2026079-ASM06,STU2026079,ALG1-B,ASM06,25,25.0,No
TS-STU2026079-ASM07,STU2026079,ALG1-B,ASM07,25,23.8,No
TS-STU2026079-ASM08,STU2026079,ALG1-B,ASM08,100,96.7,No
TS-STU2026080-ASM01,STU2026080,ALG1-B,ASM01,25,17.8,No
TS-STU2026080-ASM02,STU2026080,ALG1-B,ASM02,25,18.1,No
TS-STU2026080-ASM03,STU2026080,ALG1-B,ASM03,25,18.2,No
TS-STU2026080-ASM04,STU2026080,ALG1-B,ASM04,100,100.0,No
TS-STU2026080-ASM05,STU2026080,ALG1-B,ASM05,25,17.4,No
TS-STU2026080-ASM06,STU2026080,ALG1-B,ASM06,25,17.4,No
TS-STU2026080-ASM07,STU2026080,ALG1-B,ASM07,25,25.0,Yes
TS-STU2026080-ASM08,STU2026080,ALG1-B,ASM08,100,82.2,No
TS-STU2026081-ASM01,STU2026081,ALG1-C,ASM01,25,22.1,No
TS-STU2026081-ASM02,STU2026081,ALG1-C,ASM02,25,11.0,No
TS-STU2026081-ASM03,STU2026081,ALG1-C,ASM03,25,18.5,No
TS-STU2026081-ASM04,STU2026081,ALG1-C,ASM04,100,76.6,No
TS-STU2026081-ASM05,STU2026081,ALG1-C,ASM05,25,20.1,No
TS-STU2026081-ASM06,STU2026081,ALG1-C,ASM06,25,16.5,No
TS-STU2026081-ASM07,STU2026081,ALG1-C,ASM07,25,15.4,No
TS-STU2026081-ASM08,STU2026081,ALG1-C,ASM08,100,74.6,No
TS-STU2026082-ASM01,STU2026082,ALG1-C,ASM01,25,19.7,No
TS-STU2026082-ASM02,STU2026082,ALG1-C,ASM02,25,16.7,No
TS-STU2026082-ASM03,STU2026082,ALG1-C,ASM03,25,23.8,No
TS-STU2026082-ASM04,STU2026082,ALG1-C,ASM04,100,83.6,Yes
TS-STU2026082-ASM05,STU2026082,ALG1-C,ASM05,25,19.1,No
TS-STU2026082-ASM06,STU2026082,ALG1-C,ASM06,25,18.5,No
TS-STU2026082-ASM07,STU2026082,ALG1-C,ASM07,25,19.0,No
TS-STU2026082-ASM08,STU2026082,ALG1-C,ASM08,100,74.2,Yes
TS-STU2026083-ASM01,STU2026083,ALG1-C,ASM01,25,17.3,No
TS-STU2026083-ASM02,STU2026083,ALG1-C,ASM02,25,17.7,Yes
TS-STU2026083-ASM03,STU2026083,ALG1-C,ASM03,25,11.9,No
TS-STU2026083-ASM04,STU2026083,ALG1-C,ASM04,100,62.8,No
TS-STU2026083-ASM05,STU2026083,ALG1-C,ASM05,25,17.6,Yes
TS-STU2026083-ASM06,STU2026083,ALG1-C,ASM06,25,15.7,No
TS-STU2026083-ASM07,STU2026083,ALG1-C,ASM07,25,18.2,No
TS-STU2026083-ASM08,STU2026083,ALG1-C,ASM08,100,64.0,Yes
TS-STU2026084-ASM01,STU2026084,ALG1-C,ASM01,25,11.4,No
TS-STU2026084-ASM02,STU2026084,ALG1-C,ASM02,25,11.3,No
TS-STU2026084-ASM03,STU2026084,ALG1-C,ASM03,25,15.8,No
TS-STU2026084-ASM04,STU2026084,ALG1-C,ASM04,100,38.7,No
TS-STU2026084-ASM05,STU2026084,ALG1-C,ASM05,25,11.9,No
TS-STU2026084-ASM06,STU2026084,ALG1-C,ASM06,25,10.4,No
TS-STU2026084-ASM07,STU2026084,ALG1-C,ASM07,25,10.5,No
TS-STU2026084-ASM08,STU2026084,ALG1-C,ASM08,100,47.4,No
TS-STU2026085-ASM01,STU2026085,ALG1-C,ASM01,25,15.6,Yes
TS-STU2026085-ASM02,STU2026085,ALG1-C,ASM02,25,11.9,No
TS-STU2026085-ASM03,STU2026085,ALG1-C,ASM03,25,13.3,No
TS-STU2026085-ASM04,STU2026085,ALG1-C,ASM04,100,36.1,No
TS-STU2026085-ASM05,STU2026085,ALG1-C,ASM05,25,13.1,Yes
TS-STU2026085-ASM06,STU2026085,ALG1-C,ASM06,25,17.7,No
TS-STU2026085-ASM07,STU2026085,ALG1-C,ASM07,25,12.7,Yes
TS-STU2026085-ASM08,STU2026085,ALG1-C,ASM08,100,53.0,No
TS-STU2026086-ASM01,STU2026086,ALG1-C,ASM01,25,15.5,No
TS-STU2026086-ASM02,STU2026086,ALG1-C,ASM02,25,14.9,No
TS-STU2026086-ASM03,STU2026086,ALG1-C,ASM03,25,14.9,Yes
TS-STU2026086-ASM04,STU2026086,ALG1-C,ASM04,100,36.5,No
TS-STU2026086-ASM05,STU2026086,ALG1-C,ASM05,25,14.7,No
TS-STU2026086-ASM06,STU2026086,ALG1-C,ASM06,25,18.5,No
TS-STU2026086-ASM07,STU2026086,ALG1-C,ASM07,25,13.9,No
TS-STU2026086-ASM08,STU2026086,ALG1-C,ASM08,100,64.7,No
TS-STU2026087-ASM01,STU2026087,ALG1-C,ASM01,25,20.3,No
TS-STU2026087-ASM02,STU2026087,ALG1-C,ASM02,25,15.9,No
TS-STU2026087-ASM03,STU2026087,ALG1-C,ASM03,25,17.0,No
TS-STU2026087-ASM04,STU2026087,ALG1-C,ASM04,100,84.9,No
TS-STU2026087-ASM05,STU2026087,ALG1-C,ASM05,25,20.4,No
TS-STU2026087-ASM06,STU2026087,ALG1-C,ASM06,25,16.4,No
TS-STU2026087-ASM07,STU2026087,ALG1-C,ASM07,25,18.5,Yes
TS-STU2026087-ASM08,STU2026087,ALG1-C,ASM08,100,70.9,No
TS-STU2026088-ASM01,STU2026088,ALG1-C,ASM01,25,12.2,No
TS-STU2026088-ASM02,STU2026088,ALG1-C,ASM02,25,14.9,No
TS-STU2026088-ASM03,STU2026088,ALG1-C,ASM03,25,17.5,No
TS-STU2026088-ASM04,STU2026088,ALG1-C,ASM04,100,80.9,No
TS-STU2026088-ASM05,STU2026088,ALG1-C,ASM05,25,17.2,No
TS-STU2026088-ASM06,STU2026088,ALG1-C,ASM06,25,19.0,No
TS-STU2026088-ASM07,STU2026088,ALG1-C,ASM07,25,18.2,No
TS-STU2026088-ASM08,STU2026088,ALG1-C,ASM08,100,68.7,No
TS-STU2026089-ASM01,STU2026089,ALG1-C,ASM01,25,19.5,No
TS-STU2026089-ASM02,STU2026089,ALG1-C,ASM02,25,12.4,No
TS-STU2026089-ASM03,STU2026089,ALG1-C,ASM03,25,16.3,No
TS-STU2026089-ASM04,STU2026089,ALG1-C,ASM04,100,64.7,No
TS-STU2026089-ASM05,STU2026089,ALG1-C,ASM05,25,16.3,No
TS-STU2026089-ASM06,STU2026089,ALG1-C,ASM06,25,13.4,No
TS-STU2026089-ASM07,STU2026089,ALG1-C,ASM07,25,16.3,No
TS-STU2026089-ASM08,STU2026089,ALG1-C,ASM08,100,58.2,No
TS-STU2026090-ASM01,STU2026090,ALG1-C,ASM01,25,16.8,No
TS-STU2026090-ASM02,STU2026090,ALG1-C,ASM02,25,21.0,No
TS-STU2026090-ASM03,STU2026090,ALG1-C,ASM03,25,20.4,No
TS-STU2026090-ASM04,STU2026090,ALG1-C,ASM04,100,75.7,No
TS-STU2026090-ASM05,STU2026090,ALG1-C,ASM05,25,16.7,No
TS-STU2026090-ASM06,STU2026090,ALG1-C,ASM06,25,18.7,No
TS-STU2026090-ASM07,STU2026090,ALG1-C,ASM07,25,20.5,No
TS-STU2026090-ASM08,STU2026090,ALG1-C,ASM08,100,82.2,No
TS-STU2026091-ASM01,STU2026091,ALG1-C,ASM01,25,14.7,No
TS-STU2026091-ASM02,STU2026091,ALG1-C,ASM02,25,21.4,No
TS-STU2026091-ASM03,STU2026091,ALG1-C,ASM03,25,22.5,No
TS-STU2026091-ASM04,STU2026091,ALG1-C,ASM04,100,79.2,No
TS-STU2026091-ASM05,STU2026091,ALG1-C,ASM05,25,20.9,No
TS-STU2026091-ASM06,STU2026091,ALG1-C,ASM06,25,19.9,No
TS-STU2026091-ASM07,STU2026091,ALG1-C,ASM07,25,16.3,No
TS-STU2026091-ASM08,STU2026091,ALG1-C,ASM08,100,84.4,No
TS-STU2026092-ASM01,STU2026092,ALG1-C,ASM01,25,16.6,No
TS-STU2026092-ASM02,STU2026092,ALG1-C,ASM02,25,17.2,No
TS-STU2026092-ASM03,STU2026092,ALG1-C,ASM03,25,13.4,No
TS-STU2026092-ASM04,STU2026092,ALG1-C,ASM04,100,67.6,No
TS-STU2026092-ASM05,STU2026092,ALG1-C,ASM05,25,21.5,No
TS-STU2026092-ASM06,STU2026092,ALG1-C,ASM06,25,14.5,No
TS-STU2026092-ASM07,STU2026092,ALG1-C,ASM07,25,18.8,No
TS-STU2026092-ASM08,STU2026092,ALG1-C,ASM08,100,71.4,No
TS-STU2026093-ASM01,STU2026093,ALG1-C,ASM01,25,11.3,No
TS-STU2026093-ASM02,STU2026093,ALG1-C,ASM02,25,18.7,No
TS-STU2026093-ASM03,STU2026093,ALG1-C,ASM03,25,13.6,No
TS-STU2026093-ASM04,STU2026093,ALG1-C,ASM04,100,80.2,No
TS-STU2026093-ASM05,STU2026093,ALG1-C,ASM05,25,13.5,No
TS-STU2026093-ASM06,STU2026093,ALG1-C,ASM06,25,21.2,No
TS-STU2026093-ASM07,STU2026093,ALG1-C,ASM07,25,13.9,No
TS-STU2026093-ASM08,STU2026093,ALG1-C,ASM08,100,59.0,No
TS-STU2026094-ASM01,STU2026094,ALG1-C,ASM01,25,20.7,No
TS-STU2026094-ASM02,STU2026094,ALG1-C,ASM02,25,21.2,No
TS-STU2026094-ASM03,STU2026094,ALG1-C,ASM03,25,20.5,No
TS-STU2026094-ASM04,STU2026094,ALG1-C,ASM04,100,73.7,No
TS-STU2026094-ASM05,STU2026094,ALG1-C,ASM05,25,18.8,No
TS-STU2026094-ASM06,STU2026094,ALG1-C,ASM06,25,22.7,No
TS-STU2026094-ASM07,STU2026094,ALG1-C,ASM07,25,19.8,No
TS-STU2026094-ASM08,STU2026094,ALG1-C,ASM08,100,84.8,No
TS-STU2026095-ASM01,STU2026095,ALG1-C,ASM01,25,23.9,No
TS-STU2026095-ASM02,STU2026095,ALG1-C,ASM02,25,24.1,No
TS-STU2026095-ASM03,STU2026095,ALG1-C,ASM03,25,19.6,No
TS-STU2026095-ASM04,STU2026095,ALG1-C,ASM04,100,95.6,No
TS-STU2026095-ASM05,STU2026095,ALG1-C,ASM05,25,23.9,Yes
TS-STU2026095-ASM06,STU2026095,ALG1-C,ASM06,25,25.0,Yes
TS-STU2026095-ASM07,STU2026095,ALG1-C,ASM07,25,25.0,No
TS-STU2026095-ASM08,STU2026095,ALG1-C,ASM08,100,100.0,No
TS-STU2026096-ASM01,STU2026096,ALG1-C,ASM01,25,16.6,No
TS-STU2026096-ASM02,STU2026096,ALG1-C,ASM02,25,16.9,No
TS-STU2026096-ASM03,STU2026096,ALG1-C,ASM03,25,14.5,Yes
TS-STU2026096-ASM04,STU2026096,ALG1-C,ASM04,100,84.7,No
TS-STU2026096-ASM05,STU2026096,ALG1-C,ASM05,25,19.3,No
TS-STU2026096-ASM06,STU2026096,ALG1-C,ASM06,25,20.6,No
TS-STU2026096-ASM07,STU2026096,ALG1-C,ASM07,25,16.6,No
TS-STU2026096-ASM08,STU2026096,ALG1-C,ASM08,100,95.4,No
TS-STU2026097-ASM01,STU2026097,ALG1-C,ASM01,25,16.1,No
TS-STU2026097-ASM02,STU2026097,ALG1-C,ASM02,25,16.6,No
TS-STU2026097-ASM03,STU2026097,ALG1-C,ASM03,25,12.9,No
TS-STU2026097-ASM04,STU2026097,ALG1-C,ASM04,100,58.7,No
TS-STU2026097-ASM05,STU2026097,ALG1-C,ASM05,25,17.0,No
TS-STU2026097-ASM06,STU2026097,ALG1-C,ASM06,25,17.9,No
TS-STU2026097-ASM07,STU2026097,ALG1-C,ASM07,25,14.2,No
TS-STU2026097-ASM08,STU2026097,ALG1-C,ASM08,100,79.2,No
TS-STU2026098-ASM01,STU2026098,ALG1-C,ASM01,25,11.4,No
TS-STU2026098-ASM02,STU2026098,ALG1-C,ASM02,25,14.8,No
TS-STU2026098-ASM03,STU2026098,ALG1-C,ASM03,25,12.9,No
TS-STU2026098-ASM04,STU2026098,ALG1-C,ASM04,100,50.2,Yes
TS-STU2026098-ASM05,STU2026098,ALG1-C,ASM05,25,14.8,No
TS-STU2026098-ASM06,STU2026098,ALG1-C,ASM06,25,15.5,Yes
TS-STU2026098-ASM07,STU2026098,ALG1-C,ASM07,25,13.9,No
TS-STU2026098-ASM08,STU2026098,ALG1-C,ASM08,100,60.3,No
TS-STU2026099-ASM01,STU2026099,ALG1-C,ASM01,25,8.1,Yes
TS-STU2026099-ASM02,STU2026099,ALG1-C,ASM02,25,14.1,No
TS-STU2026099-ASM03,STU2026099,ALG1-C,ASM03,25,14.5,No
TS-STU2026099-ASM04,STU2026099,ALG1-C,ASM04,100,56.9,No
TS-STU2026099-ASM05,STU2026099,ALG1-C,ASM05,25,13.8,No
TS-STU2026099-ASM06,STU2026099,ALG1-C,ASM06,25,12.7,No
TS-STU2026099-ASM07,STU2026099,ALG1-C,ASM07,25,17.2,No
TS-STU2026099-ASM08,STU2026099,ALG1-C,ASM08,100,42.0,No
TS-STU2026100-ASM01,STU2026100,ALG1-C,ASM01,25,13.5,Yes
TS-STU2026100-ASM02,STU2026100,ALG1-C,ASM02,25,17.9,No
TS-STU2026100-ASM03,STU2026100,ALG1-C,ASM03,25,14.6,No
TS-STU2026100-ASM04,STU2026100,ALG1-C,ASM04,100,82.5,No
TS-STU2026100-ASM05,STU2026100,ALG1-C,ASM05,25,18.7,No
TS-STU2026100-ASM06,STU2026100,ALG1-C,ASM06,25,15.1,No
TS-STU2026100-ASM07,STU2026100,ALG1-C,ASM07,25,16.9,No
TS-STU2026100-ASM08,STU2026100,ALG1-C,ASM08,100,67.5,No
TS-STU2026101-ASM01,STU2026101,ALG1-C,ASM01,25,23.4,No
TS-STU2026101-ASM02,STU2026101,ALG1-C,ASM02,25,25.0,No
TS-STU2026101-ASM03,STU2026101,ALG1-C,ASM03,25,23.8,Yes
TS-STU2026101-ASM04,STU2026101,ALG1-C,ASM04,100,94.9,No
TS-STU2026101-ASM05,STU2026101,ALG1-C,ASM05,25,23.9,No
TS-STU2026101-ASM06,STU2026101,ALG1-C,ASM06,25,16.6,No
TS-STU2026101-ASM07,STU2026101,ALG1-C,ASM07,25,19.7,No
TS-STU2026101-ASM08,STU2026101,ALG1-C,ASM08,100,99.4,No
TS-STU2026102-ASM01,STU2026102,ALG1-C,ASM01,25,14.6,No
TS-STU2026102-ASM02,STU2026102,ALG1-C,ASM02,25,6.2,No
TS-STU2026102-ASM03,STU2026102,ALG1-C,ASM03,25,9.6,No
TS-STU2026102-ASM04,STU2026102,ALG1-C,ASM04,100,54.3,No
TS-STU2026102-ASM05,STU2026102,ALG1-C,ASM05,25,12.9,No
TS-STU2026102-ASM06,STU2026102,ALG1-C,ASM06,25,10.2,No
TS-STU2026102-ASM07,STU2026102,ALG1-C,ASM07,25,11.7,No
TS-STU2026102-ASM08,STU2026102,ALG1-C,ASM08,100,56.2,No
TS-STU2026103-ASM01,STU2026103,ALG1-C,ASM01,25,13.8,No
TS-STU2026103-ASM02,STU2026103,ALG1-C,ASM02,25,11.7,No
TS-STU2026103-ASM03,STU2026103,ALG1-C,ASM03,25,9.4,No
TS-STU2026103-ASM04,STU2026103,ALG1-C,ASM04,100,43.6,No
TS-STU2026103-ASM05,STU2026103,ALG1-C,ASM05,25,18.5,No
TS-STU2026103-ASM06,STU2026103,ALG1-C,ASM06,25,11.4,No
TS-STU2026103-ASM07,STU2026103,ALG1-C,ASM07,25,10.9,No
TS-STU2026103-ASM08,STU2026103,ALG1-C,ASM08,100,50.0,No
TS-STU2026104-ASM01,STU2026104,ALG1-C,ASM01,25,15.0,No
TS-STU2026104-ASM02,STU2026104,ALG1-C,ASM02,25,16.4,No
TS-STU2026104-ASM03,STU2026104,ALG1-C,ASM03,25,13.2,No
TS-STU2026104-ASM04,STU2026104,ALG1-C,ASM04,100,55.4,No
TS-STU2026104-ASM05,STU2026104,ALG1-C,ASM05,25,11.2,No
TS-STU2026104-ASM06,STU2026104,ALG1-C,ASM06,25,12.4,No
TS-STU2026104-ASM07,STU2026104,ALG1-C,ASM07,25,16.2,No
TS-STU2026104-ASM08,STU2026104,ALG1-C,ASM08,100,67.0,No
TS-STU2026105-ASM01,STU2026105,ALG1-C,ASM01,25,25.0,No
TS-STU2026105-ASM02,STU2026105,ALG1-C,ASM02,25,25.0,No
TS-STU2026105-ASM03,STU2026105,ALG1-C,ASM03,25,23.5,No
TS-STU2026105-ASM04,STU2026105,ALG1-C,ASM04,100,90.2,No
TS-STU2026105-ASM05,STU2026105,ALG1-C,ASM05,25,18.8,No
TS-STU2026105-ASM06,STU2026105,ALG1-C,ASM06,25,21.9,No
TS-STU2026105-ASM07,STU2026105,ALG1-C,ASM07,25,24.4,No
TS-STU2026105-ASM08,STU2026105,ALG1-C,ASM08,100,89.8,No
TS-STU2026106-ASM01,STU2026106,ALG1-C,ASM01,25,20.9,No
TS-STU2026106-ASM02,STU2026106,ALG1-C,ASM02,25,17.4,No
TS-STU2026106-ASM03,STU2026106,ALG1-C,ASM03,25,23.0,No
TS-STU2026106-ASM04,STU2026106,ALG1-C,ASM04,100,77.6,Yes
TS-STU2026106-ASM05,STU2026106,ALG1-C,ASM05,25,17.9,No
TS-STU2026106-ASM06,STU2026106,ALG1-C,ASM06,25,24.9,No
TS-STU2026106-ASM07,STU2026106,ALG1-C,ASM07,25,20.4,Yes
TS-STU2026106-ASM08,STU2026106,ALG1-C,ASM08,100,95.6,No
TS-STU2026107-ASM01,STU2026107,ALG1-C,ASM01,25,10.1,No
TS-STU2026107-ASM02,STU2026107,ALG1-C,ASM02,25,10.5,No
TS-STU2026107-ASM03,STU2026107,ALG1-C,ASM03,25,12.8,No
TS-STU2026107-ASM04,STU2026107,ALG1-C,ASM04,100,68.1,No
TS-STU2026107-ASM05,STU2026107,ALG1-C,ASM05,25,12.7,No
TS-STU2026107-ASM06,STU2026107,ALG1-C,ASM06,25,12.2,No
TS-STU2026107-ASM07,STU2026107,ALG1-C,ASM07,25,16.5,No
TS-STU2026107-ASM08,STU2026107,ALG1-C,ASM08,100,47.8,Yes
TS-STU2026108-ASM01,STU2026108,ALG1-C,ASM01,25,17.3,No
TS-STU2026108-ASM02,STU2026108,ALG1-C,ASM02,25,12.5,No
TS-STU2026108-ASM03,STU2026108,ALG1-C,ASM03,25,14.6,No
TS-STU2026108-ASM04,STU2026108,ALG1-C,ASM04,100,56.9,Yes
TS-STU2026108-ASM05,STU2026108,ALG1-C,ASM05,25,16.2,No
TS-STU2026108-ASM06,STU2026108,ALG1-C,ASM06,25,19.1,No
TS-STU2026108-ASM07,STU2026108,ALG1-C,ASM07,25,16.6,No
TS-STU2026108-ASM08,STU2026108,ALG1-C,ASM08,100,89.0,No
TS-STU2026109-ASM01,STU2026109,ALG1-C,ASM01,25,19.5,No
TS-STU2026109-ASM02,STU2026109,ALG1-C,ASM02,25,18.5,No
TS-STU2026109-ASM03,STU2026109,ALG1-C,ASM03,25,20.2,No
TS-STU2026109-ASM04,STU2026109,ALG1-C,ASM04,100,73.5,No
TS-STU2026109-ASM05,STU2026109,ALG1-C,ASM05,25,16.7,No
TS-STU2026109-ASM06,STU2026109,ALG1-C,ASM06,25,25.0,No
TS-STU2026109-ASM07,STU2026109,ALG1-C,ASM07,25,20.2,No
TS-STU2026109-ASM08,STU2026109,ALG1-C,ASM08,100,87.3,Yes
TS-STU2026110-ASM01,STU2026110,ALG1-C,ASM01,25,15.8,Yes
TS-STU2026110-ASM02,STU2026110,ALG1-C,ASM02,25,16.9,No
TS-STU2026110-ASM03,STU2026110,ALG1-C,ASM03,25,19.6,No
TS-STU2026110-ASM04,STU2026110,ALG1-C,ASM04,100,81.1,No
TS-STU2026110-ASM05,STU2026110,ALG1-C,ASM05,25,11.8,No
TS-STU2026110-ASM06,STU2026110,ALG1-C,ASM06,25,19.1,No
TS-STU2026110-ASM07,STU2026110,ALG1-C,ASM07,25,21.9,No
TS-STU2026110-ASM08,STU2026110,ALG1-C,ASM08,100,81.2,No
TS-STU2026111-ASM01,STU2026111,ALG1-C,ASM01,25,18.3,No
TS-STU2026111-ASM02,STU2026111,ALG1-C,ASM02,25,13.8,No
TS-STU2026111-ASM03,STU2026111,ALG1-C,ASM03,25,16.9,No
TS-STU2026111-ASM04,STU2026111,ALG1-C,ASM04,100,75.2,No
TS-STU2026111-ASM05,STU2026111,ALG1-C,ASM05,25,20.1,No
TS-STU2026111-ASM06,STU2026111,ALG1-C,ASM06,25,17.2,No
TS-STU2026111-ASM07,STU2026111,ALG1-C,ASM07,25,14.4,No
TS-STU2026111-ASM08,STU2026111,ALG1-C,ASM08,100,84.6,No
TS-STU2026112-ASM01,STU2026112,ALG1-C,ASM01,25,18.6,No
TS-STU2026112-ASM02,STU2026112,ALG1-C,ASM02,25,20.6,No
TS-STU2026112-ASM03,STU2026112,ALG1-C,ASM03,25,18.3,No
TS-STU2026112-ASM04,STU2026112,ALG1-C,ASM04,100,89.3,No
TS-STU2026112-ASM05,STU2026112,ALG1-C,ASM05,25,21.9,No
TS-STU2026112-ASM06,STU2026112,ALG1-C,ASM06,25,22.3,No
TS-STU2026112-ASM07,STU2026112,ALG1-C,ASM07,25,17.3,No
TS-STU2026112-ASM08,STU2026112,ALG1-C,ASM08,100,90.1,No
TS-STU2026113-ASM01,STU2026113,ALG1-C,ASM01,25,20.6,No
TS-STU2026113-ASM02,STU2026113,ALG1-C,ASM02,25,17.0,No
TS-STU2026113-ASM03,STU2026113,ALG1-C,ASM03,25,17.7,Yes
TS-STU2026113-ASM04,STU2026113,ALG1-C,ASM04,100,95.0,No
TS-STU2026113-ASM05,STU2026113,ALG1-C,ASM05,25,15.6,No
TS-STU2026113-ASM06,STU2026113,ALG1-C,ASM06,25,19.3,No
TS-STU2026113-ASM07,STU2026113,ALG1-C,ASM07,25,24.2,No
TS-STU2026113-ASM08,STU2026113,ALG1-C,ASM08,100,89.8,No
TS-STU2026114-ASM01,STU2026114,ALG1-C,ASM01,25,21.3,No
TS-STU2026114-ASM02,STU2026114,ALG1-C,ASM02,25,23.6,No
TS-STU2026114-ASM03,STU2026114,ALG1-C,ASM03,25,20.1,No
TS-STU2026114-ASM04,STU2026114,ALG1-C,ASM04,100,65.7,No
TS-STU2026114-ASM05,STU2026114,ALG1-C,ASM05,25,20.3,No
TS-STU2026114-ASM06,STU2026114,ALG1-C,ASM06,25,22.7,No
TS-STU2026114-ASM07,STU2026114,ALG1-C,ASM07,25,22.5,No
TS-STU2026114-ASM08,STU2026114,ALG1-C,ASM08,100,58.4,No
TS-STU2026115-ASM01,STU2026115,ALG1-C,ASM01,25,18.3,No
TS-STU2026115-ASM02,STU2026115,ALG1-C,ASM02,25,19.1,No
TS-STU2026115-ASM03,STU2026115,ALG1-C,ASM03,25,19.9,No
TS-STU2026115-ASM04,STU2026115,ALG1-C,ASM04,100,82.7,No
TS-STU2026115-ASM05,STU2026115,ALG1-C,ASM05,25,15.6,No
TS-STU2026115-ASM06,STU2026115,ALG1-C,ASM06,25,18.1,No
TS-STU2026115-ASM07,STU2026115,ALG1-C,ASM07,25,18.3,No
TS-STU2026115-ASM08,STU2026115,ALG1-C,ASM08,100,62.7,No
TS-STU2026116-ASM01,STU2026116,ALG1-C,ASM01,25,19.4,No
TS-STU2026116-ASM02,STU2026116,ALG1-C,ASM02,25,13.4,No
TS-STU2026116-ASM03,STU2026116,ALG1-C,ASM03,25,19.7,No
TS-STU2026116-ASM04,STU2026116,ALG1-C,ASM04,100,77.5,No
TS-STU2026116-ASM05,STU2026116,ALG1-C,ASM05,25,17.4,Yes
TS-STU2026116-ASM06,STU2026116,ALG1-C,ASM06,25,14.6,No
TS-STU2026116-ASM07,STU2026116,ALG1-C,ASM07,25,19.3,No
TS-STU2026116-ASM08,STU2026116,ALG1-C,ASM08,100,81.2,No
TS-STU2026117-ASM01,STU2026117,ALG1-C,ASM01,25,18.4,No
TS-STU2026117-ASM02,STU2026117,ALG1-C,ASM02,25,21.8,No
TS-STU2026117-ASM03,STU2026117,ALG1-C,ASM03,25,23.9,No
TS-STU2026117-ASM04,STU2026117,ALG1-C,ASM04,100,91.3,Yes
TS-STU2026117-ASM05,STU2026117,ALG1-C,ASM05,25,18.9,No
TS-STU2026117-ASM06,STU2026117,ALG1-C,ASM06,25,21.8,No
TS-STU2026117-ASM07,STU2026117,ALG1-C,ASM07,25,24.6,No
TS-STU2026117-ASM08,STU2026117,ALG1-C,ASM08,100,96.2,No
TS-STU2026118-ASM01,STU2026118,ALG1-C,ASM01,25,25.0,No
TS-STU2026118-ASM02,STU2026118,ALG1-C,ASM02,25,19.7,No
TS-STU2026118-ASM03,STU2026118,ALG1-C,ASM03,25,19.0,No
TS-STU2026118-ASM04,STU2026118,ALG1-C,ASM04,100,85.0,No
TS-STU2026118-ASM05,STU2026118,ALG1-C,ASM05,25,22.4,No
TS-STU2026118-ASM06,STU2026118,ALG1-C,ASM06,25,18.4,No
TS-STU2026118-ASM07,STU2026118,ALG1-C,ASM07,25,25.0,No
TS-STU2026118-ASM08,STU2026118,ALG1-C,ASM08,100,75.6,No
TS-STU2026119-ASM01,STU2026119,ALG1-C,ASM01,25,16.4,Yes
TS-STU2026119-ASM02,STU2026119,ALG1-C,ASM02,25,23.6,No
TS-STU2026119-ASM03,STU2026119,ALG1-C,ASM03,25,23.1,No
TS-STU2026119-ASM04,STU2026119,ALG1-C,ASM04,100,78.7,No
TS-STU2026119-ASM05,STU2026119,ALG1-C,ASM05,25,22.3,Yes
TS-STU2026119-ASM06,STU2026119,ALG1-C,ASM06,25,18.6,No
TS-STU2026119-ASM07,STU2026119,ALG1-C,ASM07,25,18.7,No
TS-STU2026119-ASM08,STU2026119,ALG1-C,ASM08,100,72.5,No
TS-STU2026120-ASM01,STU2026120,ALG1-C,ASM01,25,25.0,No
TS-STU2026120-ASM02,STU2026120,ALG1-C,ASM02,25,25.0,No
TS-STU2026120-ASM03,STU2026120,ALG1-C,ASM03,25,24.4,No
TS-STU2026120-ASM04,STU2026120,ALG1-C,ASM04,100,93.2,Yes
TS-STU2026120-ASM05,STU2026120,ALG1-C,ASM05,25,21.3,No
TS-STU2026120-ASM06,STU2026120,ALG1-C,ASM06,25,22.2,No
TS-STU2026120-ASM07,STU2026120,ALG1-C,ASM07,25,25.0,No
TS-STU2026120-ASM08,STU2026120,ALG1-C,ASM08,100,100.0,No
TS-STU2026121-ASM01,STU2026121,ALG1-D,ASM01,25,20.4,No
TS-STU2026121-ASM02,STU2026121,ALG1-D,ASM02,25,21.7,No
TS-STU2026121-ASM03,STU2026121,ALG1-D,ASM03,25,23.4,No
TS-STU2026121-ASM04,STU2026121,ALG1-D,ASM04,100,100.0,No
TS-STU2026121-ASM05,STU2026121,ALG1-D,ASM05,25,18.4,No
TS-STU2026121-ASM06,STU2026121,ALG1-D,ASM06,25,19.6,No
TS-STU2026121-ASM07,STU2026121,ALG1-D,ASM07,25,21.2,No
TS-STU2026121-ASM08,STU2026121,ALG1-D,ASM08,100,93.0,No
TS-STU2026122-ASM01,STU2026122,ALG1-D,ASM01,25,17.8,No
TS-STU2026122-ASM02,STU2026122,ALG1-D,ASM02,25,17.4,No
TS-STU2026122-ASM03,STU2026122,ALG1-D,ASM03,25,20.1,No
TS-STU2026122-ASM04,STU2026122,ALG1-D,ASM04,100,75.0,Yes
TS-STU2026122-ASM05,STU2026122,ALG1-D,ASM05,25,24.0,No
TS-STU2026122-ASM06,STU2026122,ALG1-D,ASM06,25,25.0,No
TS-STU2026122-ASM07,STU2026122,ALG1-D,ASM07,25,17.6,No
TS-STU2026122-ASM08,STU2026122,ALG1-D,ASM08,100,74.5,No
TS-STU2026123-ASM01,STU2026123,ALG1-D,ASM01,25,13.4,Yes
TS-STU2026123-ASM02,STU2026123,ALG1-D,ASM02,25,19.6,No
TS-STU2026123-ASM03,STU2026123,ALG1-D,ASM03,25,13.5,No
TS-STU2026123-ASM04,STU2026123,ALG1-D,ASM04,100,58.2,No
TS-STU2026123-ASM05,STU2026123,ALG1-D,ASM05,25,18.1,No
TS-STU2026123-ASM06,STU2026123,ALG1-D,ASM06,25,20.0,No
TS-STU2026123-ASM07,STU2026123,ALG1-D,ASM07,25,11.2,No
TS-STU2026123-ASM08,STU2026123,ALG1-D,ASM08,100,59.7,No
TS-STU2026124-ASM01,STU2026124,ALG1-D,ASM01,25,14.2,No
TS-STU2026124-ASM02,STU2026124,ALG1-D,ASM02,25,12.9,No
TS-STU2026124-ASM03,STU2026124,ALG1-D,ASM03,25,9.2,No
TS-STU2026124-ASM04,STU2026124,ALG1-D,ASM04,100,43.6,No
TS-STU2026124-ASM05,STU2026124,ALG1-D,ASM05,25,14.7,No
TS-STU2026124-ASM06,STU2026124,ALG1-D,ASM06,25,9.3,No
TS-STU2026124-ASM07,STU2026124,ALG1-D,ASM07,25,7.3,No
TS-STU2026124-ASM08,STU2026124,ALG1-D,ASM08,100,59.7,Yes
TS-STU2026125-ASM01,STU2026125,ALG1-D,ASM01,25,13.8,No
TS-STU2026125-ASM02,STU2026125,ALG1-D,ASM02,25,17.1,No
TS-STU2026125-ASM03,STU2026125,ALG1-D,ASM03,25,19.5,Yes
TS-STU2026125-ASM04,STU2026125,ALG1-D,ASM04,100,69.6,No
TS-STU2026125-ASM05,STU2026125,ALG1-D,ASM05,25,16.5,No
TS-STU2026125-ASM06,STU2026125,ALG1-D,ASM06,25,24.8,No
TS-STU2026125-ASM07,STU2026125,ALG1-D,ASM07,25,17.2,No
TS-STU2026125-ASM08,STU2026125,ALG1-D,ASM08,100,83.9,Yes
TS-STU2026126-ASM01,STU2026126,ALG1-D,ASM01,25,18.9,No
TS-STU2026126-ASM02,STU2026126,ALG1-D,ASM02,25,20.5,No
TS-STU2026126-ASM03,STU2026126,ALG1-D,ASM03,25,25.0,Yes
TS-STU2026126-ASM04,STU2026126,ALG1-D,ASM04,100,83.7,No
TS-STU2026126-ASM05,STU2026126,ALG1-D,ASM05,25,21.8,No
TS-STU2026126-ASM06,STU2026126,ALG1-D,ASM06,25,25.0,No
TS-STU2026126-ASM07,STU2026126,ALG1-D,ASM07,25,25.0,No
TS-STU2026126-ASM08,STU2026126,ALG1-D,ASM08,100,84.2,Yes
TS-STU2026127-ASM01,STU2026127,ALG1-D,ASM01,25,19.9,No
TS-STU2026127-ASM02,STU2026127,ALG1-D,ASM02,25,25.0,No
TS-STU2026127-ASM03,STU2026127,ALG1-D,ASM03,25,24.4,No
TS-STU2026127-ASM04,STU2026127,ALG1-D,ASM04,100,85.7,No
TS-STU2026127-ASM05,STU2026127,ALG1-D,ASM05,25,21.2,No
TS-STU2026127-ASM06,STU2026127,ALG1-D,ASM06,25,18.3,No
TS-STU2026127-ASM07,STU2026127,ALG1-D,ASM07,25,20.4,No
TS-STU2026127-ASM08,STU2026127,ALG1-D,ASM08,100,100.0,No
TS-STU2026128-ASM01,STU2026128,ALG1-D,ASM01,25,20.9,Yes
TS-STU2026128-ASM02,STU2026128,ALG1-D,ASM02,25,21.0,No
TS-STU2026128-ASM03,STU2026128,ALG1-D,ASM03,25,19.9,No
TS-STU2026128-ASM04,STU2026128,ALG1-D,ASM04,100,81.6,No
TS-STU2026128-ASM05,STU2026128,ALG1-D,ASM05,25,21.0,No
TS-STU2026128-ASM06,STU2026128,ALG1-D,ASM06,25,19.4,No
TS-STU2026128-ASM07,STU2026128,ALG1-D,ASM07,25,19.7,No
TS-STU2026128-ASM08,STU2026128,ALG1-D,ASM08,100,72.8,No
TS-STU2026129-ASM01,STU2026129,ALG1-D,ASM01,25,21.7,No
TS-STU2026129-ASM02,STU2026129,ALG1-D,ASM02,25,23.6,No
TS-STU2026129-ASM03,STU2026129,ALG1-D,ASM03,25,21.7,No
TS-STU2026129-ASM04,STU2026129,ALG1-D,ASM04,100,92.7,No
TS-STU2026129-ASM05,STU2026129,ALG1-D,ASM05,25,22.9,No
TS-STU2026129-ASM06,STU2026129,ALG1-D,ASM06,25,21.6,No
TS-STU2026129-ASM07,STU2026129,ALG1-D,ASM07,25,17.5,No
TS-STU2026129-ASM08,STU2026129,ALG1-D,ASM08,100,88.3,No
TS-STU2026130-ASM01,STU2026130,ALG1-D,ASM01,25,17.3,No
TS-STU2026130-ASM02,STU2026130,ALG1-D,ASM02,25,15.0,No
TS-STU2026130-ASM03,STU2026130,ALG1-D,ASM03,25,17.4,No
TS-STU2026130-ASM04,STU2026130,ALG1-D,ASM04,100,65.5,No
TS-STU2026130-ASM05,STU2026130,ALG1-D,ASM05,25,19.0,No
TS-STU2026130-ASM06,STU2026130,ALG1-D,ASM06,25,15.1,No
TS-STU2026130-ASM07,STU2026130,ALG1-D,ASM07,25,21.5,No
TS-STU2026130-ASM08,STU2026130,ALG1-D,ASM08,100,55.9,No
TS-STU2026131-ASM01,STU2026131,ALG1-D,ASM01,25,23.3,No
TS-STU2026131-ASM02,STU2026131,ALG1-D,ASM02,25,25.0,No
TS-STU2026131-ASM03,STU2026131,ALG1-D,ASM03,25,24.3,No
TS-STU2026131-ASM04,STU2026131,ALG1-D,ASM04,100,93.2,No
TS-STU2026131-ASM05,STU2026131,ALG1-D,ASM05,25,20.4,No
TS-STU2026131-ASM06,STU2026131,ALG1-D,ASM06,25,25.0,No
TS-STU2026131-ASM07,STU2026131,ALG1-D,ASM07,25,19.3,Yes
TS-STU2026131-ASM08,STU2026131,ALG1-D,ASM08,100,90.9,No
TS-STU2026132-ASM01,STU2026132,ALG1-D,ASM01,25,18.3,Yes
TS-STU2026132-ASM02,STU2026132,ALG1-D,ASM02,25,18.7,No
TS-STU2026132-ASM03,STU2026132,ALG1-D,ASM03,25,18.8,No
TS-STU2026132-ASM04,STU2026132,ALG1-D,ASM04,100,64.1,No
TS-STU2026132-ASM05,STU2026132,ALG1-D,ASM05,25,19.3,No
TS-STU2026132-ASM06,STU2026132,ALG1-D,ASM06,25,15.5,No
TS-STU2026132-ASM07,STU2026132,ALG1-D,ASM07,25,15.5,No
TS-STU2026132-ASM08,STU2026132,ALG1-D,ASM08,100,52.7,No
TS-STU2026133-ASM01,STU2026133,ALG1-D,ASM01,25,19.9,No
TS-STU2026133-ASM02,STU2026133,ALG1-D,ASM02,25,25.0,No
TS-STU2026133-ASM03,STU2026133,ALG1-D,ASM03,25,22.4,No
TS-STU2026133-ASM04,STU2026133,ALG1-D,ASM04,100,100.0,No
TS-STU2026133-ASM05,STU2026133,ALG1-D,ASM05,25,21.9,No
TS-STU2026133-ASM06,STU2026133,ALG1-D,ASM06,25,16.9,Yes
TS-STU2026133-ASM07,STU2026133,ALG1-D,ASM07,25,20.0,No
TS-STU2026133-ASM08,STU2026133,ALG1-D,ASM08,100,99.6,No
TS-STU2026134-ASM01,STU2026134,ALG1-D,ASM01,25,25.0,No
TS-STU2026134-ASM02,STU2026134,ALG1-D,ASM02,25,24.8,No
TS-STU2026134-ASM03,STU2026134,ALG1-D,ASM03,25,23.2,No
TS-STU2026134-ASM04,STU2026134,ALG1-D,ASM04,100,83.0,No
TS-STU2026134-ASM05,STU2026134,ALG1-D,ASM05,25,23.5,No
TS-STU2026134-ASM06,STU2026134,ALG1-D,ASM06,25,21.2,No
TS-STU2026134-ASM07,STU2026134,ALG1-D,ASM07,25,22.7,No
TS-STU2026134-ASM08,STU2026134,ALG1-D,ASM08,100,90.3,No
TS-STU2026135-ASM01,STU2026135,ALG1-D,ASM01,25,15.1,No
TS-STU2026135-ASM02,STU2026135,ALG1-D,ASM02,25,15.6,No
TS-STU2026135-ASM03,STU2026135,ALG1-D,ASM03,25,12.8,No
TS-STU2026135-ASM04,STU2026135,ALG1-D,ASM04,100,44.8,No
TS-STU2026135-ASM05,STU2026135,ALG1-D,ASM05,25,9.1,No
TS-STU2026135-ASM06,STU2026135,ALG1-D,ASM06,25,16.7,Yes
TS-STU2026135-ASM07,STU2026135,ALG1-D,ASM07,25,13.2,No
TS-STU2026135-ASM08,STU2026135,ALG1-D,ASM08,100,71.7,No
TS-STU2026136-ASM01,STU2026136,ALG1-D,ASM01,25,15.9,Yes
TS-STU2026136-ASM02,STU2026136,ALG1-D,ASM02,25,18.6,No
TS-STU2026136-ASM03,STU2026136,ALG1-D,ASM03,25,19.7,No
TS-STU2026136-ASM04,STU2026136,ALG1-D,ASM04,100,85.4,No
TS-STU2026136-ASM05,STU2026136,ALG1-D,ASM05,25,17.7,Yes
TS-STU2026136-ASM06,STU2026136,ALG1-D,ASM06,25,24.8,No
TS-STU2026136-ASM07,STU2026136,ALG1-D,ASM07,25,18.5,No
TS-STU2026136-ASM08,STU2026136,ALG1-D,ASM08,100,74.0,No
TS-STU2026137-ASM01,STU2026137,ALG1-D,ASM01,25,23.6,No
TS-STU2026137-ASM02,STU2026137,ALG1-D,ASM02,25,19.0,No
TS-STU2026137-ASM03,STU2026137,ALG1-D,ASM03,25,20.1,No
TS-STU2026137-ASM04,STU2026137,ALG1-D,ASM04,100,85.5,No
TS-STU2026137-ASM05,STU2026137,ALG1-D,ASM05,25,25.0,No
TS-STU2026137-ASM06,STU2026137,ALG1-D,ASM06,25,19.7,No
TS-STU2026137-ASM07,STU2026137,ALG1-D,ASM07,25,21.6,Yes
TS-STU2026137-ASM08,STU2026137,ALG1-D,ASM08,100,100.0,No
TS-STU2026138-ASM01,STU2026138,ALG1-D,ASM01,25,14.2,No
TS-STU2026138-ASM02,STU2026138,ALG1-D,ASM02,25,16.5,No
TS-STU2026138-ASM03,STU2026138,ALG1-D,ASM03,25,15.3,No
TS-STU2026138-ASM04,STU2026138,ALG1-D,ASM04,100,71.8,No
TS-STU2026138-ASM05,STU2026138,ALG1-D,ASM05,25,13.3,No
TS-STU2026138-ASM06,STU2026138,ALG1-D,ASM06,25,17.3,No
TS-STU2026138-ASM07,STU2026138,ALG1-D,ASM07,25,18.4,No
TS-STU2026138-ASM08,STU2026138,ALG1-D,ASM08,100,80.1,No
TS-STU2026139-ASM01,STU2026139,ALG1-D,ASM01,25,19.2,No
TS-STU2026139-ASM02,STU2026139,ALG1-D,ASM02,25,11.1,No
TS-STU2026139-ASM03,STU2026139,ALG1-D,ASM03,25,12.0,No
TS-STU2026139-ASM04,STU2026139,ALG1-D,ASM04,100,55.4,No
TS-STU2026139-ASM05,STU2026139,ALG1-D,ASM05,25,17.3,No
TS-STU2026139-ASM06,STU2026139,ALG1-D,ASM06,25,9.3,No
TS-STU2026139-ASM07,STU2026139,ALG1-D,ASM07,25,11.1,Yes
TS-STU2026139-ASM08,STU2026139,ALG1-D,ASM08,100,54.2,Yes
TS-STU2026140-ASM01,STU2026140,ALG1-D,ASM01,25,18.1,No
TS-STU2026140-ASM02,STU2026140,ALG1-D,ASM02,25,20.3,No
TS-STU2026140-ASM03,STU2026140,ALG1-D,ASM03,25,23.0,No
TS-STU2026140-ASM04,STU2026140,ALG1-D,ASM04,100,73.9,No
TS-STU2026140-ASM05,STU2026140,ALG1-D,ASM05,25,15.4,No
TS-STU2026140-ASM06,STU2026140,ALG1-D,ASM06,25,19.6,No
TS-STU2026140-ASM07,STU2026140,ALG1-D,ASM07,25,21.8,Yes
TS-STU2026140-ASM08,STU2026140,ALG1-D,ASM08,100,76.0,No
TS-STU2026141-ASM01,STU2026141,ALG1-D,ASM01,25,16.9,No
TS-STU2026141-ASM02,STU2026141,ALG1-D,ASM02,25,15.7,No
TS-STU2026141-ASM03,STU2026141,ALG1-D,ASM03,25,11.8,No
TS-STU2026141-ASM04,STU2026141,ALG1-D,ASM04,100,55.6,No
TS-STU2026141-ASM05,STU2026141,ALG1-D,ASM05,25,17.9,No
TS-STU2026141-ASM06,STU2026141,ALG1-D,ASM06,25,13.0,No
TS-STU2026141-ASM07,STU2026141,ALG1-D,ASM07,25,18.8,No
TS-STU2026141-ASM08,STU2026141,ALG1-D,ASM08,100,66.4,No
TS-STU2026142-ASM01,STU2026142,ALG1-D,ASM01,25,16.5,No
TS-STU2026142-ASM02,STU2026142,ALG1-D,ASM02,25,14.8,No
TS-STU2026142-ASM03,STU2026142,ALG1-D,ASM03,25,15.6,No
TS-STU2026142-ASM04,STU2026142,ALG1-D,ASM04,100,71.2,No
TS-STU2026142-ASM05,STU2026142,ALG1-D,ASM05,25,17.3,No
TS-STU2026142-ASM06,STU2026142,ALG1-D,ASM06,25,16.5,No
TS-STU2026142-ASM07,STU2026142,ALG1-D,ASM07,25,20.4,No
TS-STU2026142-ASM08,STU2026142,ALG1-D,ASM08,100,39.7,No
TS-STU2026143-ASM01,STU2026143,ALG1-D,ASM01,25,25.0,No
TS-STU2026143-ASM02,STU2026143,ALG1-D,ASM02,25,16.1,No
TS-STU2026143-ASM03,STU2026143,ALG1-D,ASM03,25,22.8,No
TS-STU2026143-ASM04,STU2026143,ALG1-D,ASM04,100,91.1,No
TS-STU2026143-ASM05,STU2026143,ALG1-D,ASM05,25,19.2,No
TS-STU2026143-ASM06,STU2026143,ALG1-D,ASM06,25,21.1,No
TS-STU2026143-ASM07,STU2026143,ALG1-D,ASM07,25,23.3,Yes
TS-STU2026143-ASM08,STU2026143,ALG1-D,ASM08,100,85.6,No
TS-STU2026144-ASM01,STU2026144,ALG1-D,ASM01,25,22.9,No
TS-STU2026144-ASM02,STU2026144,ALG1-D,ASM02,25,16.4,No
TS-STU2026144-ASM03,STU2026144,ALG1-D,ASM03,25,19.6,No
TS-STU2026144-ASM04,STU2026144,ALG1-D,ASM04,100,64.8,No
TS-STU2026144-ASM05,STU2026144,ALG1-D,ASM05,25,21.7,No
TS-STU2026144-ASM06,STU2026144,ALG1-D,ASM06,25,23.1,No
TS-STU2026144-ASM07,STU2026144,ALG1-D,ASM07,25,18.2,No
TS-STU2026144-ASM08,STU2026144,ALG1-D,ASM08,100,83.0,No
TS-STU2026145-ASM01,STU2026145,ALG1-D,ASM01,25,20.3,No
TS-STU2026145-ASM02,STU2026145,ALG1-D,ASM02,25,18.4,No
TS-STU2026145-ASM03,STU2026145,ALG1-D,ASM03,25,25.0,No
TS-STU2026145-ASM04,STU2026145,ALG1-D,ASM04,100,74.0,No
TS-STU2026145-ASM05,STU2026145,ALG1-D,ASM05,25,21.0,No
TS-STU2026145-ASM06,STU2026145,ALG1-D,ASM06,25,23.7,Yes
TS-STU2026145-ASM07,STU2026145,ALG1-D,ASM07,25,18.7,No
TS-STU2026145-ASM08,STU2026145,ALG1-D,ASM08,100,84.4,No
TS-STU2026146-ASM01,STU2026146,ALG1-D,ASM01,25,13.0,No
TS-STU2026146-ASM02,STU2026146,ALG1-D,ASM02,25,11.9,No
TS-STU2026146-ASM03,STU2026146,ALG1-D,ASM03,25,12.6,No
TS-STU2026146-ASM04,STU2026146,ALG1-D,ASM04,100,62.4,No
TS-STU2026146-ASM05,STU2026146,ALG1-D,ASM05,25,16.7,Yes
TS-STU2026146-ASM06,STU2026146,ALG1-D,ASM06,25,18.9,No
TS-STU2026146-ASM07,STU2026146,ALG1-D,ASM07,25,13.3,No
TS-STU2026146-ASM08,STU2026146,ALG1-D,ASM08,100,62.5,No
TS-STU2026147-ASM01,STU2026147,ALG1-D,ASM01,25,22.3,No
TS-STU2026147-ASM02,STU2026147,ALG1-D,ASM02,25,23.1,No
TS-STU2026147-ASM03,STU2026147,ALG1-D,ASM03,25,23.0,Yes
TS-STU2026147-ASM04,STU2026147,ALG1-D,ASM04,100,75.8,No
TS-STU2026147-ASM05,STU2026147,ALG1-D,ASM05,25,22.9,No
TS-STU2026147-ASM06,STU2026147,ALG1-D,ASM06,25,19.4,Yes
TS-STU2026147-ASM07,STU2026147,ALG1-D,ASM07,25,19.5,No
TS-STU2026147-ASM08,STU2026147,ALG1-D,ASM08,100,94.3,No
TS-STU2026148-ASM01,STU2026148,ALG1-D,ASM01,25,21.3,No
TS-STU2026148-ASM02,STU2026148,ALG1-D,ASM02,25,17.3,No
TS-STU2026148-ASM03,STU2026148,ALG1-D,ASM03,25,17.4,No
TS-STU2026148-ASM04,STU2026148,ALG1-D,ASM04,100,71.3,No
TS-STU2026148-ASM05,STU2026148,ALG1-D,ASM05,25,14.8,No
TS-STU2026148-ASM06,STU2026148,ALG1-D,ASM06,25,15.3,No
TS-STU2026148-ASM07,STU2026148,ALG1-D,ASM07,25,17.9,No
TS-STU2026148-ASM08,STU2026148,ALG1-D,ASM08,100,73.0,No
TS-STU2026149-ASM01,STU2026149,ALG1-D,ASM01,25,13.4,No
TS-STU2026149-ASM02,STU2026149,ALG1-D,ASM02,25,15.0,Yes
TS-STU2026149-ASM03,STU2026149,ALG1-D,ASM03,25,16.1,No
TS-STU2026149-ASM04,STU2026149,ALG1-D,ASM04,100,86.4,No
TS-STU2026149-ASM05,STU2026149,ALG1-D,ASM05,25,22.2,No
TS-STU2026149-ASM06,STU2026149,ALG1-D,ASM06,25,14.7,No
TS-STU2026149-ASM07,STU2026149,ALG1-D,ASM07,25,18.8,No
TS-STU2026149-ASM08,STU2026149,ALG1-D,ASM08,100,80.8,No
TS-STU2026150-ASM01,STU2026150,ALG1-D,ASM01,25,17.6,No
TS-STU2026150-ASM02,STU2026150,ALG1-D,ASM02,25,23.0,No
TS-STU2026150-ASM03,STU2026150,ALG1-D,ASM03,25,19.6,No
TS-STU2026150-ASM04,STU2026150,ALG1-D,ASM04,100,80.2,No
TS-STU2026150-ASM05,STU2026150,ALG1-D,ASM05,25,21.4,No
TS-STU2026150-ASM06,STU2026150,ALG1-D,ASM06,25,23.0,No
TS-STU2026150-ASM07,STU2026150,ALG1-D,ASM07,25,23.1,No
TS-STU2026150-ASM08,STU2026150,ALG1-D,ASM08,100,81.7,No
TS-STU2026151-ASM01,STU2026151,ALG1-D,ASM01,25,15.7,No
TS-STU2026151-ASM02,STU2026151,ALG1-D,ASM02,25,22.7,No
TS-STU2026151-ASM03,STU2026151,ALG1-D,ASM03,25,13.0,No
TS-STU2026151-ASM04,STU2026151,ALG1-D,ASM04,100,59.5,Yes
TS-STU2026151-ASM05,STU2026151,ALG1-D,ASM05,25,16.4,No
TS-STU2026151-ASM06,STU2026151,ALG1-D,ASM06,25,10.8,No
TS-STU2026151-ASM07,STU2026151,ALG1-D,ASM07,25,10.9,No
TS-STU2026151-ASM08,STU2026151,ALG1-D,ASM08,100,66.9,No
TS-STU2026152-ASM01,STU2026152,ALG1-D,ASM01,25,19.9,No
TS-STU2026152-ASM02,STU2026152,ALG1-D,ASM02,25,21.8,No
TS-STU2026152-ASM03,STU2026152,ALG1-D,ASM03,25,21.8,No
TS-STU2026152-ASM04,STU2026152,ALG1-D,ASM04,100,87.6,Yes
TS-STU2026152-ASM05,STU2026152,ALG1-D,ASM05,25,20.9,No
TS-STU2026152-ASM06,STU2026152,ALG1-D,ASM06,25,19.4,No
TS-STU2026152-ASM07,STU2026152,ALG1-D,ASM07,25,17.6,Yes
TS-STU2026152-ASM08,STU2026152,ALG1-D,ASM08,100,90.9,No
TS-STU2026153-ASM01,STU2026153,ALG1-D,ASM01,25,13.4,No
TS-STU2026153-ASM02,STU2026153,ALG1-D,ASM02,25,10.6,No
TS-STU2026153-ASM03,STU2026153,ALG1-D,ASM03,25,17.1,No
TS-STU2026153-ASM04,STU2026153,ALG1-D,ASM04,100,42.7,No
TS-STU2026153-ASM05,STU2026153,ALG1-D,ASM05,25,12.0,No
TS-STU2026153-ASM06,STU2026153,ALG1-D,ASM06,25,11.5,No
TS-STU2026153-ASM07,STU2026153,ALG1-D,ASM07,25,15.4,No
TS-STU2026153-ASM08,STU2026153,ALG1-D,ASM08,100,53.3,No
TS-STU2026154-ASM01,STU2026154,ALG1-D,ASM01,25,25.0,No
TS-STU2026154-ASM02,STU2026154,ALG1-D,ASM02,25,24.8,No
TS-STU2026154-ASM03,STU2026154,ALG1-D,ASM03,25,21.7,No
TS-STU2026154-ASM04,STU2026154,ALG1-D,ASM04,100,100.0,No
TS-STU2026154-ASM05,STU2026154,ALG1-D,ASM05,25,23.1,No
TS-STU2026154-ASM06,STU2026154,ALG1-D,ASM06,25,19.6,Yes
TS-STU2026154-ASM07,STU2026154,ALG1-D,ASM07,25,25.0,No
TS-STU2026154-ASM08,STU2026154,ALG1-D,ASM08,100,83.6,No
TS-STU2026155-ASM01,STU2026155,ALG1-D,ASM01,25,14.9,No
TS-STU2026155-ASM02,STU2026155,ALG1-D,ASM02,25,19.4,Yes
TS-STU2026155-ASM03,STU2026155,ALG1-D,ASM03,25,18.2,No
TS-STU2026155-ASM04,STU2026155,ALG1-D,ASM04,100,71.1,No
TS-STU2026155-ASM05,STU2026155,ALG1-D,ASM05,25,18.7,Yes
TS-STU2026155-ASM06,STU2026155,ALG1-D,ASM06,25,20.0,Yes
TS-STU2026155-ASM07,STU2026155,ALG1-D,ASM07,25,18.4,No
TS-STU2026155-ASM08,STU2026155,ALG1-D,ASM08,100,91.8,No
TS-STU2026156-ASM01,STU2026156,ALG1-D,ASM01,25,15.7,No
TS-STU2026156-ASM02,STU2026156,ALG1-D,ASM02,25,15.3,No
TS-STU2026156-ASM03,STU2026156,ALG1-D,ASM03,25,16.4,No
TS-STU2026156-ASM04,STU2026156,ALG1-D,ASM04,100,82.8,No
TS-STU2026156-ASM05,STU2026156,ALG1-D,ASM05,25,16.3,No
TS-STU2026156-ASM06,STU2026156,ALG1-D,ASM06,25,19.6,No
TS-STU2026156-ASM07,STU2026156,ALG1-D,ASM07,25,16.8,No
TS-STU2026156-ASM08,STU2026156,ALG1-D,ASM08,100,76.5,Yes
TS-STU2026157-ASM01,STU2026157,ALG1-D,ASM01,25,14.2,No
TS-STU2026157-ASM02,STU2026157,ALG1-D,ASM02,25,17.9,Yes
TS-STU2026157-ASM03,STU2026157,ALG1-D,ASM03,25,13.5,No
TS-STU2026157-ASM04,STU2026157,ALG1-D,ASM04,100,47.9,No
TS-STU2026157-ASM05,STU2026157,ALG1-D,ASM05,25,12.8,No
TS-STU2026157-ASM06,STU2026157,ALG1-D,ASM06,25,13.7,No
TS-STU2026157-ASM07,STU2026157,ALG1-D,ASM07,25,14.5,No
TS-STU2026157-ASM08,STU2026157,ALG1-D,ASM08,100,62.0,No
TS-STU2026158-ASM01,STU2026158,ALG1-D,ASM01,25,20.5,No
TS-STU2026158-ASM02,STU2026158,ALG1-D,ASM02,25,18.6,No
TS-STU2026158-ASM03,STU2026158,ALG1-D,ASM03,25,15.5,No
TS-STU2026158-ASM04,STU2026158,ALG1-D,ASM04,100,65.0,No
TS-STU2026158-ASM05,STU2026158,ALG1-D,ASM05,25,13.5,No
TS-STU2026158-ASM06,STU2026158,ALG1-D,ASM06,25,16.3,No
TS-STU2026158-ASM07,STU2026158,ALG1-D,ASM07,25,19.5,No
TS-STU2026158-ASM08,STU2026158,ALG1-D,ASM08,100,58.9,No
TS-STU2026159-ASM01,STU2026159,ALG1-D,ASM01,25,19.4,No
TS-STU2026159-ASM02,STU2026159,ALG1-D,ASM02,25,16.3,No
TS-STU2026159-ASM03,STU2026159,ALG1-D,ASM03,25,20.9,No
TS-STU2026159-ASM04,STU2026159,ALG1-D,ASM04,100,76.2,Yes
TS-STU2026159-ASM05,STU2026159,ALG1-D,ASM05,25,20.2,No
TS-STU2026159-ASM06,STU2026159,ALG1-D,ASM06,25,16.5,No
TS-STU2026159-ASM07,STU2026159,ALG1-D,ASM07,25,17.4,No
TS-STU2026159-ASM08,STU2026159,ALG1-D,ASM08,100,71.2,No
TS-STU2026160-ASM01,STU2026160,ALG1-D,ASM01,25,21.0,Yes
TS-STU2026160-ASM02,STU2026160,ALG1-D,ASM02,25,20.7,No
TS-STU2026160-ASM03,STU2026160,ALG1-D,ASM03,25,22.1,No
TS-STU2026160-ASM04,STU2026160,ALG1-D,ASM04,100,78.8,Yes
TS-STU2026160-ASM05,STU2026160,ALG1-D,ASM05,25,21.3,No
TS-STU2026160-ASM06,STU2026160,ALG1-D,ASM06,25,23.2,No
TS-STU2026160-ASM07,STU2026160,ALG1-D,ASM07,25,22.2,No
TS-STU2026160-ASM08,STU2026160,ALG1-D,ASM08,100,80.5,No
